re_ndre_median,<=,0.310796,0
swi_max,<=,9.696550,1
wief_min,<=,1.094700,2
caar_median,<=,429.835144,3
re_ndvi_re_max,<=,0.198425,4
diri_min,<=,967.826294,5
mrvb_std,<=,0.000742,6
mesic
re_ndre_median,<=,0.310796,0
swi_max,<=,9.696550,1
wief_min,<=,1.094700,2
caar_median,<=,429.835144,3
re_ndvi_re_max,<=,0.198425,4
diri_min,<=,967.826294,5
mrvb_std,>,0.000742,6
dry
re_ndre_median,<=,0.310796,0
swi_max,<=,9.696550,1
wief_min,<=,1.094700,2
caar_median,<=,429.835144,3
re_ndvi_re_max,<=,0.198425,4
diri_min,>,967.826294,5
re_ndre_std,<=,0.048687,9
mesic
re_ndre_median,<=,0.310796,0
swi_max,<=,9.696550,1
wief_min,<=,1.094700,2
caar_median,<=,429.835144,3
re_ndvi_re_max,<=,0.198425,4
diri_min,>,967.826294,5
re_ndre_std,>,0.048687,9
pan4_glcm_asm_0,<=,34.594147,11
mesic
re_ndre_median,<=,0.310796,0
swi_max,<=,9.696550,1
wief_min,<=,1.094700,2
caar_median,<=,429.835144,3
re_ndvi_re_max,<=,0.198425,4
diri_min,>,967.826294,5
re_ndre_std,>,0.048687,9
pan4_glcm_asm_0,>,34.594147,11
nir_min,<=,66.500000,13
wet
re_ndre_median,<=,0.310796,0
swi_max,<=,9.696550,1
wief_min,<=,1.094700,2
caar_median,<=,429.835144,3
re_ndvi_re_max,<=,0.198425,4
diri_min,>,967.826294,5
re_ndre_std,>,0.048687,9
pan4_glcm_asm_0,>,34.594147,11
nir_min,>,66.500000,13
wet
re_ndre_median,<=,0.310796,0
swi_max,<=,9.696550,1
wief_min,<=,1.094700,2
caar_median,<=,429.835144,3
re_ndvi_re_max,>,0.198425,4
slop_median,<=,13.055911,16
difi_min,<=,189.807739,17
difi_max,<=,187.368958,18
prcu_mean,<=,0.122804,19
mesic
re_ndre_median,<=,0.310796,0
swi_max,<=,9.696550,1
wief_min,<=,1.094700,2
caar_median,<=,429.835144,3
re_ndvi_re_max,>,0.198425,4
slop_median,<=,13.055911,16
difi_min,<=,189.807739,17
difi_max,<=,187.368958,18
prcu_mean,>,0.122804,19
wief_min,<=,0.821100,21
ddvi_std,<=,28.934307,22
mesic
re_ndre_median,<=,0.310796,0
swi_max,<=,9.696550,1
wief_min,<=,1.094700,2
caar_median,<=,429.835144,3
re_ndvi_re_max,>,0.198425,4
slop_median,<=,13.055911,16
difi_min,<=,189.807739,17
difi_max,<=,187.368958,18
prcu_mean,>,0.122804,19
wief_min,<=,0.821100,21
ddvi_std,>,28.934307,22
wet
re_ndre_median,<=,0.310796,0
swi_max,<=,9.696550,1
wief_min,<=,1.094700,2
caar_median,<=,429.835144,3
re_ndvi_re_max,>,0.198425,4
slop_median,<=,13.055911,16
difi_min,<=,189.807739,17
difi_max,<=,187.368958,18
prcu_mean,>,0.122804,19
wief_min,>,0.821100,21
mesic
re_ndre_median,<=,0.310796,0
swi_max,<=,9.696550,1
wief_min,<=,1.094700,2
caar_median,<=,429.835144,3
re_ndvi_re_max,>,0.198425,4
slop_median,<=,13.055911,16
difi_min,<=,189.807739,17
difi_max,>,187.368958,18
swi_mean,<=,7.426173,26
re_ndvi_median,<=,0.510791,27
flac_mean,<=,13.580120,28
re_re_median,<=,76.500000,29
pan4_glcm_con_90,<=,0.027724,30
mesic
re_ndre_median,<=,0.310796,0
swi_max,<=,9.696550,1
wief_min,<=,1.094700,2
caar_median,<=,429.835144,3
re_ndvi_re_max,>,0.198425,4
slop_median,<=,13.055911,16
difi_min,<=,189.807739,17
difi_max,>,187.368958,18
swi_mean,<=,7.426173,26
re_ndvi_median,<=,0.510791,27
flac_mean,<=,13.580120,28
re_re_median,<=,76.500000,29
pan4_glcm_con_90,>,0.027724,30
slop_sum,<=,126.871681,32
mesic
re_ndre_median,<=,0.310796,0
swi_max,<=,9.696550,1
wief_min,<=,1.094700,2
caar_median,<=,429.835144,3
re_ndvi_re_max,>,0.198425,4
slop_median,<=,13.055911,16
difi_min,<=,189.807739,17
difi_max,>,187.368958,18
swi_mean,<=,7.426173,26
re_ndvi_median,<=,0.510791,27
flac_mean,<=,13.580120,28
re_re_median,<=,76.500000,29
pan4_glcm_con_90,>,0.027724,30
slop_sum,>,126.871681,32
dry
re_ndre_median,<=,0.310796,0
swi_max,<=,9.696550,1
wief_min,<=,1.094700,2
caar_median,<=,429.835144,3
re_ndvi_re_max,>,0.198425,4
slop_median,<=,13.055911,16
difi_min,<=,189.807739,17
difi_max,>,187.368958,18
swi_mean,<=,7.426173,26
re_ndvi_median,<=,0.510791,27
flac_mean,<=,13.580120,28
re_re_median,>,76.500000,29
re_re_max,<=,99.000000,35
mesic
re_ndre_median,<=,0.310796,0
swi_max,<=,9.696550,1
wief_min,<=,1.094700,2
caar_median,<=,429.835144,3
re_ndvi_re_max,>,0.198425,4
slop_median,<=,13.055911,16
difi_min,<=,189.807739,17
difi_max,>,187.368958,18
swi_mean,<=,7.426173,26
re_ndvi_median,<=,0.510791,27
flac_mean,<=,13.580120,28
re_re_median,>,76.500000,29
re_re_max,>,99.000000,35
dry
re_ndre_median,<=,0.310796,0
swi_max,<=,9.696550,1
wief_min,<=,1.094700,2
caar_median,<=,429.835144,3
re_ndvi_re_max,>,0.198425,4
slop_median,<=,13.055911,16
difi_min,<=,189.807739,17
difi_max,>,187.368958,18
swi_mean,<=,7.426173,26
re_ndvi_median,<=,0.510791,27
flac_mean,>,13.580120,28
mesic
re_ndre_median,<=,0.310796,0
swi_max,<=,9.696550,1
wief_min,<=,1.094700,2
caar_median,<=,429.835144,3
re_ndvi_re_max,>,0.198425,4
slop_median,<=,13.055911,16
difi_min,<=,189.807739,17
difi_max,>,187.368958,18
swi_mean,<=,7.426173,26
re_ndvi_median,>,0.510791,27
mesic
re_ndre_median,<=,0.310796,0
swi_max,<=,9.696550,1
wief_min,<=,1.094700,2
caar_median,<=,429.835144,3
re_ndvi_re_max,>,0.198425,4
slop_median,<=,13.055911,16
difi_min,<=,189.807739,17
difi_max,>,187.368958,18
swi_mean,>,7.426173,26
mesic
re_ndre_median,<=,0.310796,0
swi_max,<=,9.696550,1
wief_min,<=,1.094700,2
caar_median,<=,429.835144,3
re_ndvi_re_max,>,0.198425,4
slop_median,<=,13.055911,16
difi_min,>,189.807739,17
diah_min,<=,-0.025700,41
mesic
re_ndre_median,<=,0.310796,0
swi_max,<=,9.696550,1
wief_min,<=,1.094700,2
caar_median,<=,429.835144,3
re_ndvi_re_max,>,0.198425,4
slop_median,<=,13.055911,16
difi_min,>,189.807739,17
diah_min,>,-0.025700,41
re_re_mean,<=,84.116150,43
dry
re_ndre_median,<=,0.310796,0
swi_max,<=,9.696550,1
wief_min,<=,1.094700,2
caar_median,<=,429.835144,3
re_ndvi_re_max,>,0.198425,4
slop_median,<=,13.055911,16
difi_min,>,189.807739,17
diah_min,>,-0.025700,41
re_re_mean,>,84.116150,43
mesic
re_ndre_median,<=,0.310796,0
swi_max,<=,9.696550,1
wief_min,<=,1.094700,2
caar_median,<=,429.835144,3
re_ndvi_re_max,>,0.198425,4
slop_median,>,13.055911,16
diah_median,<=,0.178700,46
tpi2_median,<=,-5.573750,47
mesic
re_ndre_median,<=,0.310796,0
swi_max,<=,9.696550,1
wief_min,<=,1.094700,2
caar_median,<=,429.835144,3
re_ndvi_re_max,>,0.198425,4
slop_median,>,13.055911,16
diah_median,<=,0.178700,46
tpi2_median,>,-5.573750,47
tpi5_mean,<=,-0.496693,49
prcu_min,<=,-0.168966,50
mesic
re_ndre_median,<=,0.310796,0
swi_max,<=,9.696550,1
wief_min,<=,1.094700,2
caar_median,<=,429.835144,3
re_ndvi_re_max,>,0.198425,4
slop_median,>,13.055911,16
diah_median,<=,0.178700,46
tpi2_median,>,-5.573750,47
tpi5_mean,<=,-0.496693,49
prcu_min,>,-0.168966,50
dry
re_ndre_median,<=,0.310796,0
swi_max,<=,9.696550,1
wief_min,<=,1.094700,2
caar_median,<=,429.835144,3
re_ndvi_re_max,>,0.198425,4
slop_median,>,13.055911,16
diah_median,<=,0.178700,46
tpi2_median,>,-5.573750,47
tpi5_mean,>,-0.496693,49
diri_mean,<=,997.080139,53
mesic
re_ndre_median,<=,0.310796,0
swi_max,<=,9.696550,1
wief_min,<=,1.094700,2
caar_median,<=,429.835144,3
re_ndvi_re_max,>,0.198425,4
slop_median,>,13.055911,16
diah_median,<=,0.178700,46
tpi2_median,>,-5.573750,47
tpi5_mean,>,-0.496693,49
diri_mean,>,997.080139,53
ddvi_median,<=,316.500000,55
re_ndvi_re_max,<=,0.342370,56
coin_sum,<=,-377.860657,57
mesic
re_ndre_median,<=,0.310796,0
swi_max,<=,9.696550,1
wief_min,<=,1.094700,2
caar_median,<=,429.835144,3
re_ndvi_re_max,>,0.198425,4
slop_median,>,13.055911,16
diah_median,<=,0.178700,46
tpi2_median,>,-5.573750,47
tpi5_mean,>,-0.496693,49
diri_mean,>,997.080139,53
ddvi_median,<=,316.500000,55
re_ndvi_re_max,<=,0.342370,56
coin_sum,>,-377.860657,57
diah_min,<=,0.052800,59
dry
re_ndre_median,<=,0.310796,0
swi_max,<=,9.696550,1
wief_min,<=,1.094700,2
caar_median,<=,429.835144,3
re_ndvi_re_max,>,0.198425,4
slop_median,>,13.055911,16
diah_median,<=,0.178700,46
tpi2_median,>,-5.573750,47
tpi5_mean,>,-0.496693,49
diri_mean,>,997.080139,53
ddvi_median,<=,316.500000,55
re_ndvi_re_max,<=,0.342370,56
coin_sum,>,-377.860657,57
diah_min,>,0.052800,59
dry
re_ndre_median,<=,0.310796,0
swi_max,<=,9.696550,1
wief_min,<=,1.094700,2
caar_median,<=,429.835144,3
re_ndvi_re_max,>,0.198425,4
slop_median,>,13.055911,16
diah_median,<=,0.178700,46
tpi2_median,>,-5.573750,47
tpi5_mean,>,-0.496693,49
diri_mean,>,997.080139,53
ddvi_median,<=,316.500000,55
re_ndvi_re_max,>,0.342370,56
mesic
re_ndre_median,<=,0.310796,0
swi_max,<=,9.696550,1
wief_min,<=,1.094700,2
caar_median,<=,429.835144,3
re_ndvi_re_max,>,0.198425,4
slop_median,>,13.055911,16
diah_median,<=,0.178700,46
tpi2_median,>,-5.573750,47
tpi5_mean,>,-0.496693,49
diri_mean,>,997.080139,53
ddvi_median,>,316.500000,55
mesic
re_ndre_median,<=,0.310796,0
swi_max,<=,9.696550,1
wief_min,<=,1.094700,2
caar_median,<=,429.835144,3
re_ndvi_re_max,>,0.198425,4
slop_median,>,13.055911,16
diah_median,>,0.178700,46
mesic
re_ndre_median,<=,0.310796,0
swi_max,<=,9.696550,1
wief_min,<=,1.094700,2
caar_median,>,429.835144,3
tpi2_min,<=,-23.667049,65
difi_median,<=,184.073380,66
toin_mean,<=,1370.219727,67
wief_mean,<=,0.800481,68
mesic
re_ndre_median,<=,0.310796,0
swi_max,<=,9.696550,1
wief_min,<=,1.094700,2
caar_median,>,429.835144,3
tpi2_min,<=,-23.667049,65
difi_median,<=,184.073380,66
toin_mean,<=,1370.219727,67
wief_mean,>,0.800481,68
wet
re_ndre_median,<=,0.310796,0
swi_max,<=,9.696550,1
wief_min,<=,1.094700,2
caar_median,>,429.835144,3
tpi2_min,<=,-23.667049,65
difi_median,<=,184.073380,66
toin_mean,>,1370.219727,67
mesic
re_ndre_median,<=,0.310796,0
swi_max,<=,9.696550,1
wief_min,<=,1.094700,2
caar_median,>,429.835144,3
tpi2_min,<=,-23.667049,65
difi_median,>,184.073380,66
curv_median,<=,0.781982,72
flac_median,<=,7.000000,73
mesic
re_ndre_median,<=,0.310796,0
swi_max,<=,9.696550,1
wief_min,<=,1.094700,2
caar_median,>,429.835144,3
tpi2_min,<=,-23.667049,65
difi_median,>,184.073380,66
curv_median,<=,0.781982,72
flac_median,>,7.000000,73
wet
re_ndre_median,<=,0.310796,0
swi_max,<=,9.696550,1
wief_min,<=,1.094700,2
caar_median,>,429.835144,3
tpi2_min,<=,-23.667049,65
difi_median,>,184.073380,66
curv_median,>,0.781982,72
mesic
re_ndre_median,<=,0.310796,0
swi_max,<=,9.696550,1
wief_min,<=,1.094700,2
caar_median,>,429.835144,3
tpi2_min,>,-23.667049,65
re_re_max,<=,66.000000,77
wief_std,<=,0.013281,78
b_min,<=,31.500000,79
wet
re_ndre_median,<=,0.310796,0
swi_max,<=,9.696550,1
wief_min,<=,1.094700,2
caar_median,>,429.835144,3
tpi2_min,>,-23.667049,65
re_re_max,<=,66.000000,77
wief_std,<=,0.013281,78
b_min,>,31.500000,79
wief_sum,<=,9.532850,81
wet
re_ndre_median,<=,0.310796,0
swi_max,<=,9.696550,1
wief_min,<=,1.094700,2
caar_median,>,429.835144,3
tpi2_min,>,-23.667049,65
re_re_max,<=,66.000000,77
wief_std,<=,0.013281,78
b_min,>,31.500000,79
wief_sum,>,9.532850,81
mesic
re_ndre_median,<=,0.310796,0
swi_max,<=,9.696550,1
wief_min,<=,1.094700,2
caar_median,>,429.835144,3
tpi2_min,>,-23.667049,65
re_re_max,<=,66.000000,77
wief_std,>,0.013281,78
mesic
re_ndre_median,<=,0.310796,0
swi_max,<=,9.696550,1
wief_min,<=,1.094700,2
caar_median,>,429.835144,3
tpi2_min,>,-23.667049,65
re_re_max,>,66.000000,77
ddvi_median,<=,280.000000,85
g_sum,<=,34790.000000,86
tpi5_median,<=,-3.948350,87
wet
re_ndre_median,<=,0.310796,0
swi_max,<=,9.696550,1
wief_min,<=,1.094700,2
caar_median,>,429.835144,3
tpi2_min,>,-23.667049,65
re_re_max,>,66.000000,77
ddvi_median,<=,280.000000,85
g_sum,<=,34790.000000,86
tpi5_median,>,-3.948350,87
mesic
re_ndre_median,<=,0.310796,0
swi_max,<=,9.696550,1
wief_min,<=,1.094700,2
caar_median,>,429.835144,3
tpi2_min,>,-23.667049,65
re_re_max,>,66.000000,77
ddvi_median,<=,280.000000,85
g_sum,>,34790.000000,86
mesic
re_ndre_median,<=,0.310796,0
swi_max,<=,9.696550,1
wief_min,<=,1.094700,2
caar_median,>,429.835144,3
tpi2_min,>,-23.667049,65
re_re_max,>,66.000000,77
ddvi_median,>,280.000000,85
pan4_glcm_cor_0,<=,131.652191,91
pan4_glcm_hom_45,<=,29.155365,92
diri_sum,<=,41205.320312,93
mesic
re_ndre_median,<=,0.310796,0
swi_max,<=,9.696550,1
wief_min,<=,1.094700,2
caar_median,>,429.835144,3
tpi2_min,>,-23.667049,65
re_re_max,>,66.000000,77
ddvi_median,>,280.000000,85
pan4_glcm_cor_0,<=,131.652191,91
pan4_glcm_hom_45,<=,29.155365,92
diri_sum,>,41205.320312,93
bai_median,<=,-0.388571,95
mesic
re_ndre_median,<=,0.310796,0
swi_max,<=,9.696550,1
wief_min,<=,1.094700,2
caar_median,>,429.835144,3
tpi2_min,>,-23.667049,65
re_re_max,>,66.000000,77
ddvi_median,>,280.000000,85
pan4_glcm_cor_0,<=,131.652191,91
pan4_glcm_hom_45,<=,29.155365,92
diri_sum,>,41205.320312,93
bai_median,>,-0.388571,95
wet
re_ndre_median,<=,0.310796,0
swi_max,<=,9.696550,1
wief_min,<=,1.094700,2
caar_median,>,429.835144,3
tpi2_min,>,-23.667049,65
re_re_max,>,66.000000,77
ddvi_median,>,280.000000,85
pan4_glcm_cor_0,<=,131.652191,91
pan4_glcm_hom_45,>,29.155365,92
mesic
re_ndre_median,<=,0.310796,0
swi_max,<=,9.696550,1
wief_min,<=,1.094700,2
caar_median,>,429.835144,3
tpi2_min,>,-23.667049,65
re_re_max,>,66.000000,77
ddvi_median,>,280.000000,85
pan4_glcm_cor_0,>,131.652191,91
mesic
re_ndre_median,<=,0.310796,0
swi_max,<=,9.696550,1
wief_min,>,1.094700,2
g_min,<=,82.500000,100
b_mean,<=,95.360458,101
wief_max,<=,1.270550,102
caar_mean,<=,420.691956,103
tpi2_min,<=,6.086300,104
mesic
re_ndre_median,<=,0.310796,0
swi_max,<=,9.696550,1
wief_min,>,1.094700,2
g_min,<=,82.500000,100
b_mean,<=,95.360458,101
wief_max,<=,1.270550,102
caar_mean,<=,420.691956,103
tpi2_min,>,6.086300,104
nir_std,<=,11.420248,106
re_ndvi_max,<=,0.540705,107
tpi5_max,<=,2.822800,108
mesic
re_ndre_median,<=,0.310796,0
swi_max,<=,9.696550,1
wief_min,>,1.094700,2
g_min,<=,82.500000,100
b_mean,<=,95.360458,101
wief_max,<=,1.270550,102
caar_mean,<=,420.691956,103
tpi2_min,>,6.086300,104
nir_std,<=,11.420248,106
re_ndvi_max,<=,0.540705,107
tpi5_max,>,2.822800,108
diri_max,<=,1287.583252,110
dry
re_ndre_median,<=,0.310796,0
swi_max,<=,9.696550,1
wief_min,>,1.094700,2
g_min,<=,82.500000,100
b_mean,<=,95.360458,101
wief_max,<=,1.270550,102
caar_mean,<=,420.691956,103
tpi2_min,>,6.086300,104
nir_std,<=,11.420248,106
re_ndvi_max,<=,0.540705,107
tpi5_max,>,2.822800,108
diri_max,>,1287.583252,110
mesic
re_ndre_median,<=,0.310796,0
swi_max,<=,9.696550,1
wief_min,>,1.094700,2
g_min,<=,82.500000,100
b_mean,<=,95.360458,101
wief_max,<=,1.270550,102
caar_mean,<=,420.691956,103
tpi2_min,>,6.086300,104
nir_std,<=,11.420248,106
re_ndvi_max,>,0.540705,107
mesic
re_ndre_median,<=,0.310796,0
swi_max,<=,9.696550,1
wief_min,>,1.094700,2
g_min,<=,82.500000,100
b_mean,<=,95.360458,101
wief_max,<=,1.270550,102
caar_mean,<=,420.691956,103
tpi2_min,>,6.086300,104
nir_std,>,11.420248,106
ddvi_median,<=,137.500000,114
mesic
re_ndre_median,<=,0.310796,0
swi_max,<=,9.696550,1
wief_min,>,1.094700,2
g_min,<=,82.500000,100
b_mean,<=,95.360458,101
wief_max,<=,1.270550,102
caar_mean,<=,420.691956,103
tpi2_min,>,6.086300,104
nir_std,>,11.420248,106
ddvi_median,>,137.500000,114
ndvi_mean,<=,0.314678,116
re_ndvi_median,<=,0.422315,117
diri_min,<=,1197.410767,118
mesic
re_ndre_median,<=,0.310796,0
swi_max,<=,9.696550,1
wief_min,>,1.094700,2
g_min,<=,82.500000,100
b_mean,<=,95.360458,101
wief_max,<=,1.270550,102
caar_mean,<=,420.691956,103
tpi2_min,>,6.086300,104
nir_std,>,11.420248,106
ddvi_median,>,137.500000,114
ndvi_mean,<=,0.314678,116
re_ndvi_median,<=,0.422315,117
diri_min,>,1197.410767,118
dry
re_ndre_median,<=,0.310796,0
swi_max,<=,9.696550,1
wief_min,>,1.094700,2
g_min,<=,82.500000,100
b_mean,<=,95.360458,101
wief_max,<=,1.270550,102
caar_mean,<=,420.691956,103
tpi2_min,>,6.086300,104
nir_std,>,11.420248,106
ddvi_median,>,137.500000,114
ndvi_mean,<=,0.314678,116
re_ndvi_median,>,0.422315,117
mesic
re_ndre_median,<=,0.310796,0
swi_max,<=,9.696550,1
wief_min,>,1.094700,2
g_min,<=,82.500000,100
b_mean,<=,95.360458,101
wief_max,<=,1.270550,102
caar_mean,<=,420.691956,103
tpi2_min,>,6.086300,104
nir_std,>,11.420248,106
ddvi_median,>,137.500000,114
ndvi_mean,>,0.314678,116
mpi_sum,<=,0.569050,122
dry
re_ndre_median,<=,0.310796,0
swi_max,<=,9.696550,1
wief_min,>,1.094700,2
g_min,<=,82.500000,100
b_mean,<=,95.360458,101
wief_max,<=,1.270550,102
caar_mean,<=,420.691956,103
tpi2_min,>,6.086300,104
nir_std,>,11.420248,106
ddvi_median,>,137.500000,114
ndvi_mean,>,0.314678,116
mpi_sum,>,0.569050,122
tri5_sum,<=,10.618450,124
b_min,<=,31.000000,125
mesic
re_ndre_median,<=,0.310796,0
swi_max,<=,9.696550,1
wief_min,>,1.094700,2
g_min,<=,82.500000,100
b_mean,<=,95.360458,101
wief_max,<=,1.270550,102
caar_mean,<=,420.691956,103
tpi2_min,>,6.086300,104
nir_std,>,11.420248,106
ddvi_median,>,137.500000,114
ndvi_mean,>,0.314678,116
mpi_sum,>,0.569050,122
tri5_sum,<=,10.618450,124
b_min,>,31.000000,125
dry
re_ndre_median,<=,0.310796,0
swi_max,<=,9.696550,1
wief_min,>,1.094700,2
g_min,<=,82.500000,100
b_mean,<=,95.360458,101
wief_max,<=,1.270550,102
caar_mean,<=,420.691956,103
tpi2_min,>,6.086300,104
nir_std,>,11.420248,106
ddvi_median,>,137.500000,114
ndvi_mean,>,0.314678,116
mpi_sum,>,0.569050,122
tri5_sum,>,10.618450,124
nir_std,<=,16.442379,128
mesic
re_ndre_median,<=,0.310796,0
swi_max,<=,9.696550,1
wief_min,>,1.094700,2
g_min,<=,82.500000,100
b_mean,<=,95.360458,101
wief_max,<=,1.270550,102
caar_mean,<=,420.691956,103
tpi2_min,>,6.086300,104
nir_std,>,11.420248,106
ddvi_median,>,137.500000,114
ndvi_mean,>,0.314678,116
mpi_sum,>,0.569050,122
tri5_sum,>,10.618450,124
nir_std,>,16.442379,128
dry
re_ndre_median,<=,0.310796,0
swi_max,<=,9.696550,1
wief_min,>,1.094700,2
g_min,<=,82.500000,100
b_mean,<=,95.360458,101
wief_max,<=,1.270550,102
caar_mean,>,420.691956,103
mesic
re_ndre_median,<=,0.310796,0
swi_max,<=,9.696550,1
wief_min,>,1.094700,2
g_min,<=,82.500000,100
b_mean,<=,95.360458,101
wief_max,>,1.270550,102
wief_std,<=,0.020365,132
tpi2_mean,<=,5.680923,133
mesic
re_ndre_median,<=,0.310796,0
swi_max,<=,9.696550,1
wief_min,>,1.094700,2
g_min,<=,82.500000,100
b_mean,<=,95.360458,101
wief_max,>,1.270550,102
wief_std,<=,0.020365,132
tpi2_mean,>,5.680923,133
dry
re_ndre_median,<=,0.310796,0
swi_max,<=,9.696550,1
wief_min,>,1.094700,2
g_min,<=,82.500000,100
b_mean,<=,95.360458,101
wief_max,>,1.270550,102
wief_std,>,0.020365,132
mesic
re_ndre_median,<=,0.310796,0
swi_max,<=,9.696550,1
wief_min,>,1.094700,2
g_min,<=,82.500000,100
b_mean,>,95.360458,101
toin_median,<=,1418.072510,137
mesic
re_ndre_median,<=,0.310796,0
swi_max,<=,9.696550,1
wief_min,>,1.094700,2
g_min,<=,82.500000,100
b_mean,>,95.360458,101
toin_median,>,1418.072510,137
pan4_glcm_var_0,<=,-0.001889,139
tpi2_mean,<=,12.646587,140
mesic
re_ndre_median,<=,0.310796,0
swi_max,<=,9.696550,1
wief_min,>,1.094700,2
g_min,<=,82.500000,100
b_mean,>,95.360458,101
toin_median,>,1418.072510,137
pan4_glcm_var_0,<=,-0.001889,139
tpi2_mean,>,12.646587,140
difi_max,<=,188.052002,142
mesic
re_ndre_median,<=,0.310796,0
swi_max,<=,9.696550,1
wief_min,>,1.094700,2
g_min,<=,82.500000,100
b_mean,>,95.360458,101
toin_median,>,1418.072510,137
pan4_glcm_var_0,<=,-0.001889,139
tpi2_mean,>,12.646587,140
difi_max,>,188.052002,142
nir_std,<=,11.711498,144
tpi2_median,<=,21.362400,145
dry
re_ndre_median,<=,0.310796,0
swi_max,<=,9.696550,1
wief_min,>,1.094700,2
g_min,<=,82.500000,100
b_mean,>,95.360458,101
toin_median,>,1418.072510,137
pan4_glcm_var_0,<=,-0.001889,139
tpi2_mean,>,12.646587,140
difi_max,>,188.052002,142
nir_std,<=,11.711498,144
tpi2_median,>,21.362400,145
mesic
re_ndre_median,<=,0.310796,0
swi_max,<=,9.696550,1
wief_min,>,1.094700,2
g_min,<=,82.500000,100
b_mean,>,95.360458,101
toin_median,>,1418.072510,137
pan4_glcm_var_0,<=,-0.001889,139
tpi2_mean,>,12.646587,140
difi_max,>,188.052002,142
nir_std,>,11.711498,144
dry
re_ndre_median,<=,0.310796,0
swi_max,<=,9.696550,1
wief_min,>,1.094700,2
g_min,<=,82.500000,100
b_mean,>,95.360458,101
toin_median,>,1418.072510,137
pan4_glcm_var_0,>,-0.001889,139
mesic
re_ndre_median,<=,0.310796,0
swi_max,<=,9.696550,1
wief_min,>,1.094700,2
g_min,>,82.500000,100
curv_max,<=,13.961792,150
mesic
re_ndre_median,<=,0.310796,0
swi_max,<=,9.696550,1
wief_min,>,1.094700,2
g_min,>,82.500000,100
curv_max,>,13.961792,150
dry
re_ndre_median,<=,0.310796,0
swi_max,>,9.696550,1
wief_median,<=,1.084900,153
re_nir_mean,<=,135.168701,154
ndvi_median,<=,0.251196,155
mpi_mean,<=,0.116584,156
mesic
re_ndre_median,<=,0.310796,0
swi_max,>,9.696550,1
wief_median,<=,1.084900,153
re_nir_mean,<=,135.168701,154
ndvi_median,<=,0.251196,155
mpi_mean,>,0.116584,156
g_mean,<=,139.962128,158
nir_min,<=,139.500000,159
tpi2_mean,<=,-8.514069,160
r_min,<=,44.500000,161
mesic
re_ndre_median,<=,0.310796,0
swi_max,>,9.696550,1
wief_median,<=,1.084900,153
re_nir_mean,<=,135.168701,154
ndvi_median,<=,0.251196,155
mpi_mean,>,0.116584,156
g_mean,<=,139.962128,158
nir_min,<=,139.500000,159
tpi2_mean,<=,-8.514069,160
r_min,>,44.500000,161
tri5_min,<=,0.326550,163
tri5_mean,<=,0.137558,164
wet
re_ndre_median,<=,0.310796,0
swi_max,>,9.696550,1
wief_median,<=,1.084900,153
re_nir_mean,<=,135.168701,154
ndvi_median,<=,0.251196,155
mpi_mean,>,0.116584,156
g_mean,<=,139.962128,158
nir_min,<=,139.500000,159
tpi2_mean,<=,-8.514069,160
r_min,>,44.500000,161
tri5_min,<=,0.326550,163
tri5_mean,>,0.137558,164
wet
re_ndre_median,<=,0.310796,0
swi_max,>,9.696550,1
wief_median,<=,1.084900,153
re_nir_mean,<=,135.168701,154
ndvi_median,<=,0.251196,155
mpi_mean,>,0.116584,156
g_mean,<=,139.962128,158
nir_min,<=,139.500000,159
tpi2_mean,<=,-8.514069,160
r_min,>,44.500000,161
tri5_min,>,0.326550,163
mesic
re_ndre_median,<=,0.310796,0
swi_max,>,9.696550,1
wief_median,<=,1.084900,153
re_nir_mean,<=,135.168701,154
ndvi_median,<=,0.251196,155
mpi_mean,>,0.116584,156
g_mean,<=,139.962128,158
nir_min,<=,139.500000,159
tpi2_mean,>,-8.514069,160
mesic
re_ndre_median,<=,0.310796,0
swi_max,>,9.696550,1
wief_median,<=,1.084900,153
re_nir_mean,<=,135.168701,154
ndvi_median,<=,0.251196,155
mpi_mean,>,0.116584,156
g_mean,<=,139.962128,158
nir_min,>,139.500000,159
mesic
re_ndre_median,<=,0.310796,0
swi_max,>,9.696550,1
wief_median,<=,1.084900,153
re_nir_mean,<=,135.168701,154
ndvi_median,<=,0.251196,155
mpi_mean,>,0.116584,156
g_mean,>,139.962128,158
wet
re_ndre_median,<=,0.310796,0
swi_max,>,9.696550,1
wief_median,<=,1.084900,153
re_nir_mean,<=,135.168701,154
ndvi_median,>,0.251196,155
ndvi_mean,<=,0.368436,171
r_min,<=,72.500000,172
tpi2_min,<=,-11.611250,173
difi_max,<=,183.226257,174
mesic
re_ndre_median,<=,0.310796,0
swi_max,>,9.696550,1
wief_median,<=,1.084900,153
re_nir_mean,<=,135.168701,154
ndvi_median,>,0.251196,155
ndvi_mean,<=,0.368436,171
r_min,<=,72.500000,172
tpi2_min,<=,-11.611250,173
difi_max,>,183.226257,174
tpi5_min,<=,-6.039600,176
mesic
re_ndre_median,<=,0.310796,0
swi_max,>,9.696550,1
wief_median,<=,1.084900,153
re_nir_mean,<=,135.168701,154
ndvi_median,>,0.251196,155
ndvi_mean,<=,0.368436,171
r_min,<=,72.500000,172
tpi2_min,<=,-11.611250,173
difi_max,>,183.226257,174
tpi5_min,>,-6.039600,176
g_std,<=,11.782299,178
curv_mean,<=,-0.067638,179
mesic
re_ndre_median,<=,0.310796,0
swi_max,>,9.696550,1
wief_median,<=,1.084900,153
re_nir_mean,<=,135.168701,154
ndvi_median,>,0.251196,155
ndvi_mean,<=,0.368436,171
r_min,<=,72.500000,172
tpi2_min,<=,-11.611250,173
difi_max,>,183.226257,174
tpi5_min,>,-6.039600,176
g_std,<=,11.782299,178
curv_mean,>,-0.067638,179
re_ndvi_std,<=,0.037746,181
wet
re_ndre_median,<=,0.310796,0
swi_max,>,9.696550,1
wief_median,<=,1.084900,153
re_nir_mean,<=,135.168701,154
ndvi_median,>,0.251196,155
ndvi_mean,<=,0.368436,171
r_min,<=,72.500000,172
tpi2_min,<=,-11.611250,173
difi_max,>,183.226257,174
tpi5_min,>,-6.039600,176
g_std,<=,11.782299,178
curv_mean,>,-0.067638,179
re_ndvi_std,>,0.037746,181
wet
re_ndre_median,<=,0.310796,0
swi_max,>,9.696550,1
wief_median,<=,1.084900,153
re_nir_mean,<=,135.168701,154
ndvi_median,>,0.251196,155
ndvi_mean,<=,0.368436,171
r_min,<=,72.500000,172
tpi2_min,<=,-11.611250,173
difi_max,>,183.226257,174
tpi5_min,>,-6.039600,176
g_std,>,11.782299,178
g_min,<=,47.500000,184
pan_min,<=,41.070000,185
wet
re_ndre_median,<=,0.310796,0
swi_max,>,9.696550,1
wief_median,<=,1.084900,153
re_nir_mean,<=,135.168701,154
ndvi_median,>,0.251196,155
ndvi_mean,<=,0.368436,171
r_min,<=,72.500000,172
tpi2_min,<=,-11.611250,173
difi_max,>,183.226257,174
tpi5_min,>,-6.039600,176
g_std,>,11.782299,178
g_min,<=,47.500000,184
pan_min,>,41.070000,185
wet
re_ndre_median,<=,0.310796,0
swi_max,>,9.696550,1
wief_median,<=,1.084900,153
re_nir_mean,<=,135.168701,154
ndvi_median,>,0.251196,155
ndvi_mean,<=,0.368436,171
r_min,<=,72.500000,172
tpi2_min,<=,-11.611250,173
difi_max,>,183.226257,174
tpi5_min,>,-6.039600,176
g_std,>,11.782299,178
g_min,>,47.500000,184
wet
re_ndre_median,<=,0.310796,0
swi_max,>,9.696550,1
wief_median,<=,1.084900,153
re_nir_mean,<=,135.168701,154
ndvi_median,>,0.251196,155
ndvi_mean,<=,0.368436,171
r_min,<=,72.500000,172
tpi2_min,>,-11.611250,173
mesic
re_ndre_median,<=,0.310796,0
swi_max,>,9.696550,1
wief_median,<=,1.084900,153
re_nir_mean,<=,135.168701,154
ndvi_median,>,0.251196,155
ndvi_mean,<=,0.368436,171
r_min,>,72.500000,172
re_nir_median,<=,118.500000,190
tpi2_max,<=,-24.442850,191
wet
re_ndre_median,<=,0.310796,0
swi_max,>,9.696550,1
wief_median,<=,1.084900,153
re_nir_mean,<=,135.168701,154
ndvi_median,>,0.251196,155
ndvi_mean,<=,0.368436,171
r_min,>,72.500000,172
re_nir_median,<=,118.500000,190
tpi2_max,>,-24.442850,191
mesic
re_ndre_median,<=,0.310796,0
swi_max,>,9.696550,1
wief_median,<=,1.084900,153
re_nir_mean,<=,135.168701,154
ndvi_median,>,0.251196,155
ndvi_mean,<=,0.368436,171
r_min,>,72.500000,172
re_nir_median,>,118.500000,190
mesic
re_ndre_median,<=,0.310796,0
swi_max,>,9.696550,1
wief_median,<=,1.084900,153
re_nir_mean,<=,135.168701,154
ndvi_median,>,0.251196,155
ndvi_mean,>,0.368436,171
pan4_std,<=,7.964730,195
flac_max,<=,169.500000,196
wet
re_ndre_median,<=,0.310796,0
swi_max,>,9.696550,1
wief_median,<=,1.084900,153
re_nir_mean,<=,135.168701,154
ndvi_median,>,0.251196,155
ndvi_mean,>,0.368436,171
pan4_std,<=,7.964730,195
flac_max,>,169.500000,196
mesic
re_ndre_median,<=,0.310796,0
swi_max,>,9.696550,1
wief_median,<=,1.084900,153
re_nir_mean,<=,135.168701,154
ndvi_median,>,0.251196,155
ndvi_mean,>,0.368436,171
pan4_std,>,7.964730,195
pan4_glcm_con_135,<=,0.000681,199
wet
re_ndre_median,<=,0.310796,0
swi_max,>,9.696550,1
wief_median,<=,1.084900,153
re_nir_mean,<=,135.168701,154
ndvi_median,>,0.251196,155
ndvi_mean,>,0.368436,171
pan4_std,>,7.964730,195
pan4_glcm_con_135,>,0.000681,199
b_max,<=,158.500000,201
pan4_sum,<=,108597.500000,202
wet
re_ndre_median,<=,0.310796,0
swi_max,>,9.696550,1
wief_median,<=,1.084900,153
re_nir_mean,<=,135.168701,154
ndvi_median,>,0.251196,155
ndvi_mean,>,0.368436,171
pan4_std,>,7.964730,195
pan4_glcm_con_135,>,0.000681,199
b_max,<=,158.500000,201
pan4_sum,>,108597.500000,202
slop_max,<=,5.126761,204
re_ndvi_re_max,<=,0.147871,205
wet
re_ndre_median,<=,0.310796,0
swi_max,>,9.696550,1
wief_median,<=,1.084900,153
re_nir_mean,<=,135.168701,154
ndvi_median,>,0.251196,155
ndvi_mean,>,0.368436,171
pan4_std,>,7.964730,195
pan4_glcm_con_135,>,0.000681,199
b_max,<=,158.500000,201
pan4_sum,>,108597.500000,202
slop_max,<=,5.126761,204
re_ndvi_re_max,>,0.147871,205
wet
re_ndre_median,<=,0.310796,0
swi_max,>,9.696550,1
wief_median,<=,1.084900,153
re_nir_mean,<=,135.168701,154
ndvi_median,>,0.251196,155
ndvi_mean,>,0.368436,171
pan4_std,>,7.964730,195
pan4_glcm_con_135,>,0.000681,199
b_max,<=,158.500000,201
pan4_sum,>,108597.500000,202
slop_max,>,5.126761,204
mesic
re_ndre_median,<=,0.310796,0
swi_max,>,9.696550,1
wief_median,<=,1.084900,153
re_nir_mean,<=,135.168701,154
ndvi_median,>,0.251196,155
ndvi_mean,>,0.368436,171
pan4_std,>,7.964730,195
pan4_glcm_con_135,>,0.000681,199
b_max,>,158.500000,201
mesic
re_ndre_median,<=,0.310796,0
swi_max,>,9.696550,1
wief_median,<=,1.084900,153
re_nir_mean,>,135.168701,154
mpi_mean,<=,0.241796,210
nir_median,<=,200.500000,211
mesic
re_ndre_median,<=,0.310796,0
swi_max,>,9.696550,1
wief_median,<=,1.084900,153
re_nir_mean,>,135.168701,154
mpi_mean,<=,0.241796,210
nir_median,>,200.500000,211
caar_mean,<=,682.907471,213
tpi5_mean,<=,-0.693979,214
pan4_count,<=,3153.500000,215
wet
re_ndre_median,<=,0.310796,0
swi_max,>,9.696550,1
wief_median,<=,1.084900,153
re_nir_mean,>,135.168701,154
mpi_mean,<=,0.241796,210
nir_median,>,200.500000,211
caar_mean,<=,682.907471,213
tpi5_mean,<=,-0.693979,214
pan4_count,>,3153.500000,215
wet
re_ndre_median,<=,0.310796,0
swi_max,>,9.696550,1
wief_median,<=,1.084900,153
re_nir_mean,>,135.168701,154
mpi_mean,<=,0.241796,210
nir_median,>,200.500000,211
caar_mean,<=,682.907471,213
tpi5_mean,>,-0.693979,214
mesic
re_ndre_median,<=,0.310796,0
swi_max,>,9.696550,1
wief_median,<=,1.084900,153
re_nir_mean,>,135.168701,154
mpi_mean,<=,0.241796,210
nir_median,>,200.500000,211
caar_mean,>,682.907471,213
mesic
re_ndre_median,<=,0.310796,0
swi_max,>,9.696550,1
wief_median,<=,1.084900,153
re_nir_mean,>,135.168701,154
mpi_mean,>,0.241796,210
tri5_median,<=,0.195850,220
wief_max,<=,0.808650,221
mesic
re_ndre_median,<=,0.310796,0
swi_max,>,9.696550,1
wief_median,<=,1.084900,153
re_nir_mean,>,135.168701,154
mpi_mean,>,0.241796,210
tri5_median,<=,0.195850,220
wief_max,>,0.808650,221
toin_median,<=,1395.530518,223
toin_std,<=,2.505923,224
wet
re_ndre_median,<=,0.310796,0
swi_max,>,9.696550,1
wief_median,<=,1.084900,153
re_nir_mean,>,135.168701,154
mpi_mean,>,0.241796,210
tri5_median,<=,0.195850,220
wief_max,>,0.808650,221
toin_median,<=,1395.530518,223
toin_std,>,2.505923,224
wet
re_ndre_median,<=,0.310796,0
swi_max,>,9.696550,1
wief_median,<=,1.084900,153
re_nir_mean,>,135.168701,154
mpi_mean,>,0.241796,210
tri5_median,<=,0.195850,220
wief_max,>,0.808650,221
toin_median,>,1395.530518,223
mesic
re_ndre_median,<=,0.310796,0
swi_max,>,9.696550,1
wief_median,<=,1.084900,153
re_nir_mean,>,135.168701,154
mpi_mean,>,0.241796,210
tri5_median,>,0.195850,220
tpi5_mean,<=,-3.557895,228
mesic
re_ndre_median,<=,0.310796,0
swi_max,>,9.696550,1
wief_median,<=,1.084900,153
re_nir_mean,>,135.168701,154
mpi_mean,>,0.241796,210
tri5_median,>,0.195850,220
tpi5_mean,>,-3.557895,228
curv_mean,<=,-0.893816,230
re_r_std,<=,2.992955,231
wet
re_ndre_median,<=,0.310796,0
swi_max,>,9.696550,1
wief_median,<=,1.084900,153
re_nir_mean,>,135.168701,154
mpi_mean,>,0.241796,210
tri5_median,>,0.195850,220
tpi5_mean,>,-3.557895,228
curv_mean,<=,-0.893816,230
re_r_std,>,2.992955,231
mesic
re_ndre_median,<=,0.310796,0
swi_max,>,9.696550,1
wief_median,<=,1.084900,153
re_nir_mean,>,135.168701,154
mpi_mean,>,0.241796,210
tri5_median,>,0.195850,220
tpi5_mean,>,-3.557895,228
curv_mean,>,-0.893816,230
mesic
re_ndre_median,<=,0.310796,0
swi_max,>,9.696550,1
wief_median,>,1.084900,153
toin_std,<=,34.204231,235
re_r_std,<=,2.470888,236
curv_sum,<=,-80.717834,237
wet
re_ndre_median,<=,0.310796,0
swi_max,>,9.696550,1
wief_median,>,1.084900,153
toin_std,<=,34.204231,235
re_r_std,<=,2.470888,236
curv_sum,>,-80.717834,237
mesic
re_ndre_median,<=,0.310796,0
swi_max,>,9.696550,1
wief_median,>,1.084900,153
toin_std,<=,34.204231,235
re_r_std,>,2.470888,236
mesic
re_ndre_median,<=,0.310796,0
swi_max,>,9.696550,1
wief_median,>,1.084900,153
toin_std,>,34.204231,235
toin_median,<=,1399.845459,241
pan4_glcm_std_45,<=,0.029991,242
mesic
re_ndre_median,<=,0.310796,0
swi_max,>,9.696550,1
wief_median,>,1.084900,153
toin_std,>,34.204231,235
toin_median,<=,1399.845459,241
pan4_glcm_std_45,>,0.029991,242
wet
re_ndre_median,<=,0.310796,0
swi_max,>,9.696550,1
wief_median,>,1.084900,153
toin_std,>,34.204231,235
toin_median,>,1399.845459,241
dry
re_ndre_median,>,0.310796,0
tpi2_max,<=,-7.937050,246
re_nir_max,<=,176.500000,247
coin_max,<=,3.958200,248
tpi2_max,<=,-33.776802,249
re_r_max,<=,40.500000,250
caar_min,<=,6538.365234,251
wief_mean,<=,0.831323,252
toin_median,<=,1301.552002,253
diah_median,<=,-0.101900,254
mesic
re_ndre_median,>,0.310796,0
tpi2_max,<=,-7.937050,246
re_nir_max,<=,176.500000,247
coin_max,<=,3.958200,248
tpi2_max,<=,-33.776802,249
re_r_max,<=,40.500000,250
caar_min,<=,6538.365234,251
wief_mean,<=,0.831323,252
toin_median,<=,1301.552002,253
diah_median,>,-0.101900,254
wet
re_ndre_median,>,0.310796,0
tpi2_max,<=,-7.937050,246
re_nir_max,<=,176.500000,247
coin_max,<=,3.958200,248
tpi2_max,<=,-33.776802,249
re_r_max,<=,40.500000,250
caar_min,<=,6538.365234,251
wief_mean,<=,0.831323,252
toin_median,>,1301.552002,253
wet
re_ndre_median,>,0.310796,0
tpi2_max,<=,-7.937050,246
re_nir_max,<=,176.500000,247
coin_max,<=,3.958200,248
tpi2_max,<=,-33.776802,249
re_r_max,<=,40.500000,250
caar_min,<=,6538.365234,251
wief_mean,>,0.831323,252
wet
re_ndre_median,>,0.310796,0
tpi2_max,<=,-7.937050,246
re_nir_max,<=,176.500000,247
coin_max,<=,3.958200,248
tpi2_max,<=,-33.776802,249
re_r_max,<=,40.500000,250
caar_min,>,6538.365234,251
mpi_max,<=,0.741750,259
mesic
re_ndre_median,>,0.310796,0
tpi2_max,<=,-7.937050,246
re_nir_max,<=,176.500000,247
coin_max,<=,3.958200,248
tpi2_max,<=,-33.776802,249
re_r_max,<=,40.500000,250
caar_min,>,6538.365234,251
mpi_max,>,0.741750,259
wet
re_ndre_median,>,0.310796,0
tpi2_max,<=,-7.937050,246
re_nir_max,<=,176.500000,247
coin_max,<=,3.958200,248
tpi2_max,<=,-33.776802,249
re_r_max,>,40.500000,250
slop_sum,<=,793.372681,262
mesic
re_ndre_median,>,0.310796,0
tpi2_max,<=,-7.937050,246
re_nir_max,<=,176.500000,247
coin_max,<=,3.958200,248
tpi2_max,<=,-33.776802,249
re_r_max,>,40.500000,250
slop_sum,>,793.372681,262
wet
re_ndre_median,>,0.310796,0
tpi2_max,<=,-7.937050,246
re_nir_max,<=,176.500000,247
coin_max,<=,3.958200,248
tpi2_max,>,-33.776802,249
swi_min,<=,8.320351,265
ndvi_mean,<=,0.387815,266
swi_max,<=,8.022950,267
mesic
re_ndre_median,>,0.310796,0
tpi2_max,<=,-7.937050,246
re_nir_max,<=,176.500000,247
coin_max,<=,3.958200,248
tpi2_max,>,-33.776802,249
swi_min,<=,8.320351,265
ndvi_mean,<=,0.387815,266
swi_max,>,8.022950,267
mpi_mean,<=,0.217743,269
mesic
re_ndre_median,>,0.310796,0
tpi2_max,<=,-7.937050,246
re_nir_max,<=,176.500000,247
coin_max,<=,3.958200,248
tpi2_max,>,-33.776802,249
swi_min,<=,8.320351,265
ndvi_mean,<=,0.387815,266
swi_max,>,8.022950,267
mpi_mean,>,0.217743,269
b_std,<=,16.656937,271
ddvi_sum,<=,62539.500000,272
ddvi_median,<=,188.000000,273
mesic
re_ndre_median,>,0.310796,0
tpi2_max,<=,-7.937050,246
re_nir_max,<=,176.500000,247
coin_max,<=,3.958200,248
tpi2_max,>,-33.776802,249
swi_min,<=,8.320351,265
ndvi_mean,<=,0.387815,266
swi_max,>,8.022950,267
mpi_mean,>,0.217743,269
b_std,<=,16.656937,271
ddvi_sum,<=,62539.500000,272
ddvi_median,>,188.000000,273
wet
re_ndre_median,>,0.310796,0
tpi2_max,<=,-7.937050,246
re_nir_max,<=,176.500000,247
coin_max,<=,3.958200,248
tpi2_max,>,-33.776802,249
swi_min,<=,8.320351,265
ndvi_mean,<=,0.387815,266
swi_max,>,8.022950,267
mpi_mean,>,0.217743,269
b_std,<=,16.656937,271
ddvi_sum,>,62539.500000,272
mesic
re_ndre_median,>,0.310796,0
tpi2_max,<=,-7.937050,246
re_nir_max,<=,176.500000,247
coin_max,<=,3.958200,248
tpi2_max,>,-33.776802,249
swi_min,<=,8.320351,265
ndvi_mean,<=,0.387815,266
swi_max,>,8.022950,267
mpi_mean,>,0.217743,269
b_std,>,16.656937,271
slop_max,<=,12.499040,277
mesic
re_ndre_median,>,0.310796,0
tpi2_max,<=,-7.937050,246
re_nir_max,<=,176.500000,247
coin_max,<=,3.958200,248
tpi2_max,>,-33.776802,249
swi_min,<=,8.320351,265
ndvi_mean,<=,0.387815,266
swi_max,>,8.022950,267
mpi_mean,>,0.217743,269
b_std,>,16.656937,271
slop_max,>,12.499040,277
coin_min,<=,-3.536000,279
wet
re_ndre_median,>,0.310796,0
tpi2_max,<=,-7.937050,246
re_nir_max,<=,176.500000,247
coin_max,<=,3.958200,248
tpi2_max,>,-33.776802,249
swi_min,<=,8.320351,265
ndvi_mean,<=,0.387815,266
swi_max,>,8.022950,267
mpi_mean,>,0.217743,269
b_std,>,16.656937,271
slop_max,>,12.499040,277
coin_min,>,-3.536000,279
mesic
re_ndre_median,>,0.310796,0
tpi2_max,<=,-7.937050,246
re_nir_max,<=,176.500000,247
coin_max,<=,3.958200,248
tpi2_max,>,-33.776802,249
swi_min,<=,8.320351,265
ndvi_mean,>,0.387815,266
b_min,<=,24.500000,282
re_nir_max,<=,148.500000,283
diah_max,<=,-0.058500,284
re_ndre_median,<=,0.324849,285
mesic
re_ndre_median,>,0.310796,0
tpi2_max,<=,-7.937050,246
re_nir_max,<=,176.500000,247
coin_max,<=,3.958200,248
tpi2_max,>,-33.776802,249
swi_min,<=,8.320351,265
ndvi_mean,>,0.387815,266
b_min,<=,24.500000,282
re_nir_max,<=,148.500000,283
diah_max,<=,-0.058500,284
re_ndre_median,>,0.324849,285
wet
re_ndre_median,>,0.310796,0
tpi2_max,<=,-7.937050,246
re_nir_max,<=,176.500000,247
coin_max,<=,3.958200,248
tpi2_max,>,-33.776802,249
swi_min,<=,8.320351,265
ndvi_mean,>,0.387815,266
b_min,<=,24.500000,282
re_nir_max,<=,148.500000,283
diah_max,>,-0.058500,284
pan4_glcm_var_0,<=,0.002509,288
mesic
re_ndre_median,>,0.310796,0
tpi2_max,<=,-7.937050,246
re_nir_max,<=,176.500000,247
coin_max,<=,3.958200,248
tpi2_max,>,-33.776802,249
swi_min,<=,8.320351,265
ndvi_mean,>,0.387815,266
b_min,<=,24.500000,282
re_nir_max,<=,148.500000,283
diah_max,>,-0.058500,284
pan4_glcm_var_0,>,0.002509,288
wet
re_ndre_median,>,0.310796,0
tpi2_max,<=,-7.937050,246
re_nir_max,<=,176.500000,247
coin_max,<=,3.958200,248
tpi2_max,>,-33.776802,249
swi_min,<=,8.320351,265
ndvi_mean,>,0.387815,266
b_min,<=,24.500000,282
re_nir_max,>,148.500000,283
mesic
re_ndre_median,>,0.310796,0
tpi2_max,<=,-7.937050,246
re_nir_max,<=,176.500000,247
coin_max,<=,3.958200,248
tpi2_max,>,-33.776802,249
swi_min,<=,8.320351,265
ndvi_mean,>,0.387815,266
b_min,>,24.500000,282
mpi_min,<=,0.140950,292
mesic
re_ndre_median,>,0.310796,0
tpi2_max,<=,-7.937050,246
re_nir_max,<=,176.500000,247
coin_max,<=,3.958200,248
tpi2_max,>,-33.776802,249
swi_min,<=,8.320351,265
ndvi_mean,>,0.387815,266
b_min,>,24.500000,282
mpi_min,>,0.140950,292
pan4_glcm_var_45,<=,513.305603,294
tri5_mean,<=,0.988044,295
toin_std,<=,12.276255,296
wet
re_ndre_median,>,0.310796,0
tpi2_max,<=,-7.937050,246
re_nir_max,<=,176.500000,247
coin_max,<=,3.958200,248
tpi2_max,>,-33.776802,249
swi_min,<=,8.320351,265
ndvi_mean,>,0.387815,266
b_min,>,24.500000,282
mpi_min,>,0.140950,292
pan4_glcm_var_45,<=,513.305603,294
tri5_mean,<=,0.988044,295
toin_std,>,12.276255,296
mesic
re_ndre_median,>,0.310796,0
tpi2_max,<=,-7.937050,246
re_nir_max,<=,176.500000,247
coin_max,<=,3.958200,248
tpi2_max,>,-33.776802,249
swi_min,<=,8.320351,265
ndvi_mean,>,0.387815,266
b_min,>,24.500000,282
mpi_min,>,0.140950,292
pan4_glcm_var_45,<=,513.305603,294
tri5_mean,>,0.988044,295
mesic
re_ndre_median,>,0.310796,0
tpi2_max,<=,-7.937050,246
re_nir_max,<=,176.500000,247
coin_max,<=,3.958200,248
tpi2_max,>,-33.776802,249
swi_min,<=,8.320351,265
ndvi_mean,>,0.387815,266
b_min,>,24.500000,282
mpi_min,>,0.140950,292
pan4_glcm_var_45,>,513.305603,294
pan4_min,<=,59.750000,300
mesic
re_ndre_median,>,0.310796,0
tpi2_max,<=,-7.937050,246
re_nir_max,<=,176.500000,247
coin_max,<=,3.958200,248
tpi2_max,>,-33.776802,249
swi_min,<=,8.320351,265
ndvi_mean,>,0.387815,266
b_min,>,24.500000,282
mpi_min,>,0.140950,292
pan4_glcm_var_45,>,513.305603,294
pan4_min,>,59.750000,300
prcu_max,<=,1.376199,302
mesic
re_ndre_median,>,0.310796,0
tpi2_max,<=,-7.937050,246
re_nir_max,<=,176.500000,247
coin_max,<=,3.958200,248
tpi2_max,>,-33.776802,249
swi_min,<=,8.320351,265
ndvi_mean,>,0.387815,266
b_min,>,24.500000,282
mpi_min,>,0.140950,292
pan4_glcm_var_45,>,513.305603,294
pan4_min,>,59.750000,300
prcu_max,>,1.376199,302
mrrt_median,<=,0.000050,304
mesic
re_ndre_median,>,0.310796,0
tpi2_max,<=,-7.937050,246
re_nir_max,<=,176.500000,247
coin_max,<=,3.958200,248
tpi2_max,>,-33.776802,249
swi_min,<=,8.320351,265
ndvi_mean,>,0.387815,266
b_min,>,24.500000,282
mpi_min,>,0.140950,292
pan4_glcm_var_45,>,513.305603,294
pan4_min,>,59.750000,300
prcu_max,>,1.376199,302
mrrt_median,>,0.000050,304
wet
re_ndre_median,>,0.310796,0
tpi2_max,<=,-7.937050,246
re_nir_max,<=,176.500000,247
coin_max,<=,3.958200,248
tpi2_max,>,-33.776802,249
swi_min,>,8.320351,265
difi_max,<=,183.270996,307
ddvi_mean,<=,296.051270,308
pan4_sum,<=,13380.250000,309
wet
re_ndre_median,>,0.310796,0
tpi2_max,<=,-7.937050,246
re_nir_max,<=,176.500000,247
coin_max,<=,3.958200,248
tpi2_max,>,-33.776802,249
swi_min,>,8.320351,265
difi_max,<=,183.270996,307
ddvi_mean,<=,296.051270,308
pan4_sum,>,13380.250000,309
mesic
re_ndre_median,>,0.310796,0
tpi2_max,<=,-7.937050,246
re_nir_max,<=,176.500000,247
coin_max,<=,3.958200,248
tpi2_max,>,-33.776802,249
swi_min,>,8.320351,265
difi_max,<=,183.270996,307
ddvi_mean,>,296.051270,308
pan4_glcm_cor_135,<=,-0.000764,312
mesic
re_ndre_median,>,0.310796,0
tpi2_max,<=,-7.937050,246
re_nir_max,<=,176.500000,247
coin_max,<=,3.958200,248
tpi2_max,>,-33.776802,249
swi_min,>,8.320351,265
difi_max,<=,183.270996,307
ddvi_mean,>,296.051270,308
pan4_glcm_cor_135,>,-0.000764,312
wet
re_ndre_median,>,0.310796,0
tpi2_max,<=,-7.937050,246
re_nir_max,<=,176.500000,247
coin_max,<=,3.958200,248
tpi2_max,>,-33.776802,249
swi_min,>,8.320351,265
difi_max,>,183.270996,307
diah_mean,<=,0.063662,315
diri_median,<=,1223.953979,316
wief_max,<=,0.866200,317
b_mean,<=,77.126694,318
diah_median,<=,-0.052200,319
pan4_std,<=,18.101036,320
diah_sum,<=,-2.709550,321
mesic
re_ndre_median,>,0.310796,0
tpi2_max,<=,-7.937050,246
re_nir_max,<=,176.500000,247
coin_max,<=,3.958200,248
tpi2_max,>,-33.776802,249
swi_min,>,8.320351,265
difi_max,>,183.270996,307
diah_mean,<=,0.063662,315
diri_median,<=,1223.953979,316
wief_max,<=,0.866200,317
b_mean,<=,77.126694,318
diah_median,<=,-0.052200,319
pan4_std,<=,18.101036,320
diah_sum,>,-2.709550,321
wet
re_ndre_median,>,0.310796,0
tpi2_max,<=,-7.937050,246
re_nir_max,<=,176.500000,247
coin_max,<=,3.958200,248
tpi2_max,>,-33.776802,249
swi_min,>,8.320351,265
difi_max,>,183.270996,307
diah_mean,<=,0.063662,315
diri_median,<=,1223.953979,316
wief_max,<=,0.866200,317
b_mean,<=,77.126694,318
diah_median,<=,-0.052200,319
pan4_std,>,18.101036,320
mesic
re_ndre_median,>,0.310796,0
tpi2_max,<=,-7.937050,246
re_nir_max,<=,176.500000,247
coin_max,<=,3.958200,248
tpi2_max,>,-33.776802,249
swi_min,>,8.320351,265
difi_max,>,183.270996,307
diah_mean,<=,0.063662,315
diri_median,<=,1223.953979,316
wief_max,<=,0.866200,317
b_mean,<=,77.126694,318
diah_median,>,-0.052200,319
prcu_mean,<=,0.581820,325
wet
re_ndre_median,>,0.310796,0
tpi2_max,<=,-7.937050,246
re_nir_max,<=,176.500000,247
coin_max,<=,3.958200,248
tpi2_max,>,-33.776802,249
swi_min,>,8.320351,265
difi_max,>,183.270996,307
diah_mean,<=,0.063662,315
diri_median,<=,1223.953979,316
wief_max,<=,0.866200,317
b_mean,<=,77.126694,318
diah_median,>,-0.052200,319
prcu_mean,>,0.581820,325
bai_mean,<=,0.009931,327
wet
re_ndre_median,>,0.310796,0
tpi2_max,<=,-7.937050,246
re_nir_max,<=,176.500000,247
coin_max,<=,3.958200,248
tpi2_max,>,-33.776802,249
swi_min,>,8.320351,265
difi_max,>,183.270996,307
diah_mean,<=,0.063662,315
diri_median,<=,1223.953979,316
wief_max,<=,0.866200,317
b_mean,<=,77.126694,318
diah_median,>,-0.052200,319
prcu_mean,>,0.581820,325
bai_mean,>,0.009931,327
wet
re_ndre_median,>,0.310796,0
tpi2_max,<=,-7.937050,246
re_nir_max,<=,176.500000,247
coin_max,<=,3.958200,248
tpi2_max,>,-33.776802,249
swi_min,>,8.320351,265
difi_max,>,183.270996,307
diah_mean,<=,0.063662,315
diri_median,<=,1223.953979,316
wief_max,<=,0.866200,317
b_mean,>,77.126694,318
r_std,<=,7.491872,330
mesic
re_ndre_median,>,0.310796,0
tpi2_max,<=,-7.937050,246
re_nir_max,<=,176.500000,247
coin_max,<=,3.958200,248
tpi2_max,>,-33.776802,249
swi_min,>,8.320351,265
difi_max,>,183.270996,307
diah_mean,<=,0.063662,315
diri_median,<=,1223.953979,316
wief_max,<=,0.866200,317
b_mean,>,77.126694,318
r_std,>,7.491872,330
tri5_median,<=,0.315750,332
pan4_glcm_max_45,<=,-0.005488,333
wet
re_ndre_median,>,0.310796,0
tpi2_max,<=,-7.937050,246
re_nir_max,<=,176.500000,247
coin_max,<=,3.958200,248
tpi2_max,>,-33.776802,249
swi_min,>,8.320351,265
difi_max,>,183.270996,307
diah_mean,<=,0.063662,315
diri_median,<=,1223.953979,316
wief_max,<=,0.866200,317
b_mean,>,77.126694,318
r_std,>,7.491872,330
tri5_median,<=,0.315750,332
pan4_glcm_max_45,>,-0.005488,333
wet
re_ndre_median,>,0.310796,0
tpi2_max,<=,-7.937050,246
re_nir_max,<=,176.500000,247
coin_max,<=,3.958200,248
tpi2_max,>,-33.776802,249
swi_min,>,8.320351,265
difi_max,>,183.270996,307
diah_mean,<=,0.063662,315
diri_median,<=,1223.953979,316
wief_max,<=,0.866200,317
b_mean,>,77.126694,318
r_std,>,7.491872,330
tri5_median,>,0.315750,332
b_std,<=,18.388721,336
mesic
re_ndre_median,>,0.310796,0
tpi2_max,<=,-7.937050,246
re_nir_max,<=,176.500000,247
coin_max,<=,3.958200,248
tpi2_max,>,-33.776802,249
swi_min,>,8.320351,265
difi_max,>,183.270996,307
diah_mean,<=,0.063662,315
diri_median,<=,1223.953979,316
wief_max,<=,0.866200,317
b_mean,>,77.126694,318
r_std,>,7.491872,330
tri5_median,>,0.315750,332
b_std,>,18.388721,336
wet
re_ndre_median,>,0.310796,0
tpi2_max,<=,-7.937050,246
re_nir_max,<=,176.500000,247
coin_max,<=,3.958200,248
tpi2_max,>,-33.776802,249
swi_min,>,8.320351,265
difi_max,>,183.270996,307
diah_mean,<=,0.063662,315
diri_median,<=,1223.953979,316
wief_max,>,0.866200,317
caar_min,<=,2923.115967,339
re_ndvi_min,<=,0.601170,340
nir_median,<=,184.000000,341
tpi2_min,<=,-14.313850,342
wet
re_ndre_median,>,0.310796,0
tpi2_max,<=,-7.937050,246
re_nir_max,<=,176.500000,247
coin_max,<=,3.958200,248
tpi2_max,>,-33.776802,249
swi_min,>,8.320351,265
difi_max,>,183.270996,307
diah_mean,<=,0.063662,315
diri_median,<=,1223.953979,316
wief_max,>,0.866200,317
caar_min,<=,2923.115967,339
re_ndvi_min,<=,0.601170,340
nir_median,<=,184.000000,341
tpi2_min,>,-14.313850,342
wet
re_ndre_median,>,0.310796,0
tpi2_max,<=,-7.937050,246
re_nir_max,<=,176.500000,247
coin_max,<=,3.958200,248
tpi2_max,>,-33.776802,249
swi_min,>,8.320351,265
difi_max,>,183.270996,307
diah_mean,<=,0.063662,315
diri_median,<=,1223.953979,316
wief_max,>,0.866200,317
caar_min,<=,2923.115967,339
re_ndvi_min,<=,0.601170,340
nir_median,>,184.000000,341
pan4_sum,<=,348975.000000,345
wet
re_ndre_median,>,0.310796,0
tpi2_max,<=,-7.937050,246
re_nir_max,<=,176.500000,247
coin_max,<=,3.958200,248
tpi2_max,>,-33.776802,249
swi_min,>,8.320351,265
difi_max,>,183.270996,307
diah_mean,<=,0.063662,315
diri_median,<=,1223.953979,316
wief_max,>,0.866200,317
caar_min,<=,2923.115967,339
re_ndvi_min,<=,0.601170,340
nir_median,>,184.000000,341
pan4_sum,>,348975.000000,345
wet
re_ndre_median,>,0.310796,0
tpi2_max,<=,-7.937050,246
re_nir_max,<=,176.500000,247
coin_max,<=,3.958200,248
tpi2_max,>,-33.776802,249
swi_min,>,8.320351,265
difi_max,>,183.270996,307
diah_mean,<=,0.063662,315
diri_median,<=,1223.953979,316
wief_max,>,0.866200,317
caar_min,<=,2923.115967,339
re_ndvi_min,>,0.601170,340
mesic
re_ndre_median,>,0.310796,0
tpi2_max,<=,-7.937050,246
re_nir_max,<=,176.500000,247
coin_max,<=,3.958200,248
tpi2_max,>,-33.776802,249
swi_min,>,8.320351,265
difi_max,>,183.270996,307
diah_mean,<=,0.063662,315
diri_median,<=,1223.953979,316
wief_max,>,0.866200,317
caar_min,>,2923.115967,339
mesic
re_ndre_median,>,0.310796,0
tpi2_max,<=,-7.937050,246
re_nir_max,<=,176.500000,247
coin_max,<=,3.958200,248
tpi2_max,>,-33.776802,249
swi_min,>,8.320351,265
difi_max,>,183.270996,307
diah_mean,<=,0.063662,315
diri_median,>,1223.953979,316
mesic
re_ndre_median,>,0.310796,0
tpi2_max,<=,-7.937050,246
re_nir_max,<=,176.500000,247
coin_max,<=,3.958200,248
tpi2_max,>,-33.776802,249
swi_min,>,8.320351,265
difi_max,>,183.270996,307
diah_mean,>,0.063662,315
mesic
re_ndre_median,>,0.310796,0
tpi2_max,<=,-7.937050,246
re_nir_max,<=,176.500000,247
coin_max,>,3.958200,248
b_min,<=,45.500000,352
ndvi_min,<=,0.190210,353
difi_median,<=,183.150085,354
swi_min,<=,8.652000,355
diah_sum,<=,-60.335049,356
mesic
re_ndre_median,>,0.310796,0
tpi2_max,<=,-7.937050,246
re_nir_max,<=,176.500000,247
coin_max,>,3.958200,248
b_min,<=,45.500000,352
ndvi_min,<=,0.190210,353
difi_median,<=,183.150085,354
swi_min,<=,8.652000,355
diah_sum,>,-60.335049,356
pan4_glcm_cor_90,<=,39.681194,358
mpi_max,<=,0.241050,359
mesic
re_ndre_median,>,0.310796,0
tpi2_max,<=,-7.937050,246
re_nir_max,<=,176.500000,247
coin_max,>,3.958200,248
b_min,<=,45.500000,352
ndvi_min,<=,0.190210,353
difi_median,<=,183.150085,354
swi_min,<=,8.652000,355
diah_sum,>,-60.335049,356
pan4_glcm_cor_90,<=,39.681194,358
mpi_max,>,0.241050,359
bai_sum,<=,-3229.112305,361
mesic
re_ndre_median,>,0.310796,0
tpi2_max,<=,-7.937050,246
re_nir_max,<=,176.500000,247
coin_max,>,3.958200,248
b_min,<=,45.500000,352
ndvi_min,<=,0.190210,353
difi_median,<=,183.150085,354
swi_min,<=,8.652000,355
diah_sum,>,-60.335049,356
pan4_glcm_cor_90,<=,39.681194,358
mpi_max,>,0.241050,359
bai_sum,>,-3229.112305,361
re_nir_min,<=,43.500000,363
mesic
re_ndre_median,>,0.310796,0
tpi2_max,<=,-7.937050,246
re_nir_max,<=,176.500000,247
coin_max,>,3.958200,248
b_min,<=,45.500000,352
ndvi_min,<=,0.190210,353
difi_median,<=,183.150085,354
swi_min,<=,8.652000,355
diah_sum,>,-60.335049,356
pan4_glcm_cor_90,<=,39.681194,358
mpi_max,>,0.241050,359
bai_sum,>,-3229.112305,361
re_nir_min,>,43.500000,363
b_std,<=,16.480873,365
wet
re_ndre_median,>,0.310796,0
tpi2_max,<=,-7.937050,246
re_nir_max,<=,176.500000,247
coin_max,>,3.958200,248
b_min,<=,45.500000,352
ndvi_min,<=,0.190210,353
difi_median,<=,183.150085,354
swi_min,<=,8.652000,355
diah_sum,>,-60.335049,356
pan4_glcm_cor_90,<=,39.681194,358
mpi_max,>,0.241050,359
bai_sum,>,-3229.112305,361
re_nir_min,>,43.500000,363
b_std,>,16.480873,365
wet
re_ndre_median,>,0.310796,0
tpi2_max,<=,-7.937050,246
re_nir_max,<=,176.500000,247
coin_max,>,3.958200,248
b_min,<=,45.500000,352
ndvi_min,<=,0.190210,353
difi_median,<=,183.150085,354
swi_min,<=,8.652000,355
diah_sum,>,-60.335049,356
pan4_glcm_cor_90,>,39.681194,358
mesic
re_ndre_median,>,0.310796,0
tpi2_max,<=,-7.937050,246
re_nir_max,<=,176.500000,247
coin_max,>,3.958200,248
b_min,<=,45.500000,352
ndvi_min,<=,0.190210,353
difi_median,<=,183.150085,354
swi_min,>,8.652000,355
mesic
re_ndre_median,>,0.310796,0
tpi2_max,<=,-7.937050,246
re_nir_max,<=,176.500000,247
coin_max,>,3.958200,248
b_min,<=,45.500000,352
ndvi_min,<=,0.190210,353
difi_median,>,183.150085,354
difi_max,<=,188.042511,370
difi_mean,<=,183.949615,371
pan4_max,<=,209.750000,372
pan4_glcm_var_90,<=,38.643837,373
tpi2_max,<=,-20.008499,374
tpi2_max,<=,-43.865852,375
wet
re_ndre_median,>,0.310796,0
tpi2_max,<=,-7.937050,246
re_nir_max,<=,176.500000,247
coin_max,>,3.958200,248
b_min,<=,45.500000,352
ndvi_min,<=,0.190210,353
difi_median,>,183.150085,354
difi_max,<=,188.042511,370
difi_mean,<=,183.949615,371
pan4_max,<=,209.750000,372
pan4_glcm_var_90,<=,38.643837,373
tpi2_max,<=,-20.008499,374
tpi2_max,>,-43.865852,375
mesic
re_ndre_median,>,0.310796,0
tpi2_max,<=,-7.937050,246
re_nir_max,<=,176.500000,247
coin_max,>,3.958200,248
b_min,<=,45.500000,352
ndvi_min,<=,0.190210,353
difi_median,>,183.150085,354
difi_max,<=,188.042511,370
difi_mean,<=,183.949615,371
pan4_max,<=,209.750000,372
pan4_glcm_var_90,<=,38.643837,373
tpi2_max,>,-20.008499,374
bai_min,<=,-0.572173,378
pan4_glcm_ene_0,<=,0.000803,379
wet
re_ndre_median,>,0.310796,0
tpi2_max,<=,-7.937050,246
re_nir_max,<=,176.500000,247
coin_max,>,3.958200,248
b_min,<=,45.500000,352
ndvi_min,<=,0.190210,353
difi_median,>,183.150085,354
difi_max,<=,188.042511,370
difi_mean,<=,183.949615,371
pan4_max,<=,209.750000,372
pan4_glcm_var_90,<=,38.643837,373
tpi2_max,>,-20.008499,374
bai_min,<=,-0.572173,378
pan4_glcm_ene_0,>,0.000803,379
wet
re_ndre_median,>,0.310796,0
tpi2_max,<=,-7.937050,246
re_nir_max,<=,176.500000,247
coin_max,>,3.958200,248
b_min,<=,45.500000,352
ndvi_min,<=,0.190210,353
difi_median,>,183.150085,354
difi_max,<=,188.042511,370
difi_mean,<=,183.949615,371
pan4_max,<=,209.750000,372
pan4_glcm_var_90,<=,38.643837,373
tpi2_max,>,-20.008499,374
bai_min,>,-0.572173,378
pan4_glcm_dis_45,<=,0.001129,382
wet
re_ndre_median,>,0.310796,0
tpi2_max,<=,-7.937050,246
re_nir_max,<=,176.500000,247
coin_max,>,3.958200,248
b_min,<=,45.500000,352
ndvi_min,<=,0.190210,353
difi_median,>,183.150085,354
difi_max,<=,188.042511,370
difi_mean,<=,183.949615,371
pan4_max,<=,209.750000,372
pan4_glcm_var_90,<=,38.643837,373
tpi2_max,>,-20.008499,374
bai_min,>,-0.572173,378
pan4_glcm_dis_45,>,0.001129,382
mesic
re_ndre_median,>,0.310796,0
tpi2_max,<=,-7.937050,246
re_nir_max,<=,176.500000,247
coin_max,>,3.958200,248
b_min,<=,45.500000,352
ndvi_min,<=,0.190210,353
difi_median,>,183.150085,354
difi_max,<=,188.042511,370
difi_mean,<=,183.949615,371
pan4_max,<=,209.750000,372
pan4_glcm_var_90,>,38.643837,373
wet
re_ndre_median,>,0.310796,0
tpi2_max,<=,-7.937050,246
re_nir_max,<=,176.500000,247
coin_max,>,3.958200,248
b_min,<=,45.500000,352
ndvi_min,<=,0.190210,353
difi_median,>,183.150085,354
difi_max,<=,188.042511,370
difi_mean,<=,183.949615,371
pan4_max,>,209.750000,372
mesic
re_ndre_median,>,0.310796,0
tpi2_max,<=,-7.937050,246
re_nir_max,<=,176.500000,247
coin_max,>,3.958200,248
b_min,<=,45.500000,352
ndvi_min,<=,0.190210,353
difi_median,>,183.150085,354
difi_max,<=,188.042511,370
difi_mean,>,183.949615,371
tpi2_mean,<=,-20.352390,387
re_ndvi_re_mean,<=,-0.106573,388
mesic
re_ndre_median,>,0.310796,0
tpi2_max,<=,-7.937050,246
re_nir_max,<=,176.500000,247
coin_max,>,3.958200,248
b_min,<=,45.500000,352
ndvi_min,<=,0.190210,353
difi_median,>,183.150085,354
difi_max,<=,188.042511,370
difi_mean,>,183.949615,371
tpi2_mean,<=,-20.352390,387
re_ndvi_re_mean,>,-0.106573,388
difi_std,<=,0.055228,390
wet
re_ndre_median,>,0.310796,0
tpi2_max,<=,-7.937050,246
re_nir_max,<=,176.500000,247
coin_max,>,3.958200,248
b_min,<=,45.500000,352
ndvi_min,<=,0.190210,353
difi_median,>,183.150085,354
difi_max,<=,188.042511,370
difi_mean,>,183.949615,371
tpi2_mean,<=,-20.352390,387
re_ndvi_re_mean,>,-0.106573,388
difi_std,>,0.055228,390
caar_std,<=,8656.674805,392
g_min,<=,43.500000,393
wet
re_ndre_median,>,0.310796,0
tpi2_max,<=,-7.937050,246
re_nir_max,<=,176.500000,247
coin_max,>,3.958200,248
b_min,<=,45.500000,352
ndvi_min,<=,0.190210,353
difi_median,>,183.150085,354
difi_max,<=,188.042511,370
difi_mean,>,183.949615,371
tpi2_mean,<=,-20.352390,387
re_ndvi_re_mean,>,-0.106573,388
difi_std,>,0.055228,390
caar_std,<=,8656.674805,392
g_min,>,43.500000,393
wet
re_ndre_median,>,0.310796,0
tpi2_max,<=,-7.937050,246
re_nir_max,<=,176.500000,247
coin_max,>,3.958200,248
b_min,<=,45.500000,352
ndvi_min,<=,0.190210,353
difi_median,>,183.150085,354
difi_max,<=,188.042511,370
difi_mean,>,183.949615,371
tpi2_mean,<=,-20.352390,387
re_ndvi_re_mean,>,-0.106573,388
difi_std,>,0.055228,390
caar_std,>,8656.674805,392
mesic
re_ndre_median,>,0.310796,0
tpi2_max,<=,-7.937050,246
re_nir_max,<=,176.500000,247
coin_max,>,3.958200,248
b_min,<=,45.500000,352
ndvi_min,<=,0.190210,353
difi_median,>,183.150085,354
difi_max,<=,188.042511,370
difi_mean,>,183.949615,371
tpi2_mean,>,-20.352390,387
mrvb_max,<=,0.300300,397
curv_mean,<=,-0.392899,398
wet
re_ndre_median,>,0.310796,0
tpi2_max,<=,-7.937050,246
re_nir_max,<=,176.500000,247
coin_max,>,3.958200,248
b_min,<=,45.500000,352
ndvi_min,<=,0.190210,353
difi_median,>,183.150085,354
difi_max,<=,188.042511,370
difi_mean,>,183.949615,371
tpi2_mean,>,-20.352390,387
mrvb_max,<=,0.300300,397
curv_mean,>,-0.392899,398
mesic
re_ndre_median,>,0.310796,0
tpi2_max,<=,-7.937050,246
re_nir_max,<=,176.500000,247
coin_max,>,3.958200,248
b_min,<=,45.500000,352
ndvi_min,<=,0.190210,353
difi_median,>,183.150085,354
difi_max,<=,188.042511,370
difi_mean,>,183.949615,371
tpi2_mean,>,-20.352390,387
mrvb_max,>,0.300300,397
nir_mean,<=,168.611008,401
mesic
re_ndre_median,>,0.310796,0
tpi2_max,<=,-7.937050,246
re_nir_max,<=,176.500000,247
coin_max,>,3.958200,248
b_min,<=,45.500000,352
ndvi_min,<=,0.190210,353
difi_median,>,183.150085,354
difi_max,<=,188.042511,370
difi_mean,>,183.949615,371
tpi2_mean,>,-20.352390,387
mrvb_max,>,0.300300,397
nir_mean,>,168.611008,401
tpi2_std,<=,0.620498,403
tri5_sum,<=,6.143650,404
wet
re_ndre_median,>,0.310796,0
tpi2_max,<=,-7.937050,246
re_nir_max,<=,176.500000,247
coin_max,>,3.958200,248
b_min,<=,45.500000,352
ndvi_min,<=,0.190210,353
difi_median,>,183.150085,354
difi_max,<=,188.042511,370
difi_mean,>,183.949615,371
tpi2_mean,>,-20.352390,387
mrvb_max,>,0.300300,397
nir_mean,>,168.611008,401
tpi2_std,<=,0.620498,403
tri5_sum,>,6.143650,404
wet
re_ndre_median,>,0.310796,0
tpi2_max,<=,-7.937050,246
re_nir_max,<=,176.500000,247
coin_max,>,3.958200,248
b_min,<=,45.500000,352
ndvi_min,<=,0.190210,353
difi_median,>,183.150085,354
difi_max,<=,188.042511,370
difi_mean,>,183.949615,371
tpi2_mean,>,-20.352390,387
mrvb_max,>,0.300300,397
nir_mean,>,168.611008,401
tpi2_std,>,0.620498,403
mesic
re_ndre_median,>,0.310796,0
tpi2_max,<=,-7.937050,246
re_nir_max,<=,176.500000,247
coin_max,>,3.958200,248
b_min,<=,45.500000,352
ndvi_min,<=,0.190210,353
difi_median,>,183.150085,354
difi_max,>,188.042511,370
difi_median,<=,190.039703,408
mesic
re_ndre_median,>,0.310796,0
tpi2_max,<=,-7.937050,246
re_nir_max,<=,176.500000,247
coin_max,>,3.958200,248
b_min,<=,45.500000,352
ndvi_min,<=,0.190210,353
difi_median,>,183.150085,354
difi_max,>,188.042511,370
difi_median,>,190.039703,408
wet
re_ndre_median,>,0.310796,0
tpi2_max,<=,-7.937050,246
re_nir_max,<=,176.500000,247
coin_max,>,3.958200,248
b_min,<=,45.500000,352
ndvi_min,>,0.190210,353
re_ndre_max,<=,0.559661,411
mrvb_median,<=,0.091250,412
mpi_mean,<=,0.123083,413
mesic
re_ndre_median,>,0.310796,0
tpi2_max,<=,-7.937050,246
re_nir_max,<=,176.500000,247
coin_max,>,3.958200,248
b_min,<=,45.500000,352
ndvi_min,>,0.190210,353
re_ndre_max,<=,0.559661,411
mrvb_median,<=,0.091250,412
mpi_mean,>,0.123083,413
pan4_glcm_std_90,<=,0.008477,415
re_ndvi_max,<=,0.700086,416
ndwi_mean,<=,-0.359573,417
wet
re_ndre_median,>,0.310796,0
tpi2_max,<=,-7.937050,246
re_nir_max,<=,176.500000,247
coin_max,>,3.958200,248
b_min,<=,45.500000,352
ndvi_min,>,0.190210,353
re_ndre_max,<=,0.559661,411
mrvb_median,<=,0.091250,412
mpi_mean,>,0.123083,413
pan4_glcm_std_90,<=,0.008477,415
re_ndvi_max,<=,0.700086,416
ndwi_mean,>,-0.359573,417
mrvb_median,<=,0.053950,419
mrvb_max,<=,0.002700,420
wet
re_ndre_median,>,0.310796,0
tpi2_max,<=,-7.937050,246
re_nir_max,<=,176.500000,247
coin_max,>,3.958200,248
b_min,<=,45.500000,352
ndvi_min,>,0.190210,353
re_ndre_max,<=,0.559661,411
mrvb_median,<=,0.091250,412
mpi_mean,>,0.123083,413
pan4_glcm_std_90,<=,0.008477,415
re_ndvi_max,<=,0.700086,416
ndwi_mean,>,-0.359573,417
mrvb_median,<=,0.053950,419
mrvb_max,>,0.002700,420
wet
re_ndre_median,>,0.310796,0
tpi2_max,<=,-7.937050,246
re_nir_max,<=,176.500000,247
coin_max,>,3.958200,248
b_min,<=,45.500000,352
ndvi_min,>,0.190210,353
re_ndre_max,<=,0.559661,411
mrvb_median,<=,0.091250,412
mpi_mean,>,0.123083,413
pan4_glcm_std_90,<=,0.008477,415
re_ndvi_max,<=,0.700086,416
ndwi_mean,>,-0.359573,417
mrvb_median,>,0.053950,419
mesic
re_ndre_median,>,0.310796,0
tpi2_max,<=,-7.937050,246
re_nir_max,<=,176.500000,247
coin_max,>,3.958200,248
b_min,<=,45.500000,352
ndvi_min,>,0.190210,353
re_ndre_max,<=,0.559661,411
mrvb_median,<=,0.091250,412
mpi_mean,>,0.123083,413
pan4_glcm_std_90,<=,0.008477,415
re_ndvi_max,>,0.700086,416
mesic
re_ndre_median,>,0.310796,0
tpi2_max,<=,-7.937050,246
re_nir_max,<=,176.500000,247
coin_max,>,3.958200,248
b_min,<=,45.500000,352
ndvi_min,>,0.190210,353
re_ndre_max,<=,0.559661,411
mrvb_median,<=,0.091250,412
mpi_mean,>,0.123083,413
pan4_glcm_std_90,>,0.008477,415
mesic
re_ndre_median,>,0.310796,0
tpi2_max,<=,-7.937050,246
re_nir_max,<=,176.500000,247
coin_max,>,3.958200,248
b_min,<=,45.500000,352
ndvi_min,>,0.190210,353
re_ndre_max,<=,0.559661,411
mrvb_median,>,0.091250,412
b_std,<=,13.658558,426
ddvi_max,<=,269.000000,427
caar_min,<=,4267.813477,428
wet
re_ndre_median,>,0.310796,0
tpi2_max,<=,-7.937050,246
re_nir_max,<=,176.500000,247
coin_max,>,3.958200,248
b_min,<=,45.500000,352
ndvi_min,>,0.190210,353
re_ndre_max,<=,0.559661,411
mrvb_median,>,0.091250,412
b_std,<=,13.658558,426
ddvi_max,<=,269.000000,427
caar_min,>,4267.813477,428
wet
re_ndre_median,>,0.310796,0
tpi2_max,<=,-7.937050,246
re_nir_max,<=,176.500000,247
coin_max,>,3.958200,248
b_min,<=,45.500000,352
ndvi_min,>,0.190210,353
re_ndre_max,<=,0.559661,411
mrvb_median,>,0.091250,412
b_std,<=,13.658558,426
ddvi_max,>,269.000000,427
tri5_min,<=,0.144950,431
caar_sum,<=,1028109.250000,432
re_r_sum,<=,489.000000,433
mesic
re_ndre_median,>,0.310796,0
tpi2_max,<=,-7.937050,246
re_nir_max,<=,176.500000,247
coin_max,>,3.958200,248
b_min,<=,45.500000,352
ndvi_min,>,0.190210,353
re_ndre_max,<=,0.559661,411
mrvb_median,>,0.091250,412
b_std,<=,13.658558,426
ddvi_max,>,269.000000,427
tri5_min,<=,0.144950,431
caar_sum,<=,1028109.250000,432
re_r_sum,>,489.000000,433
re_re_mean,<=,75.126373,435
wet
re_ndre_median,>,0.310796,0
tpi2_max,<=,-7.937050,246
re_nir_max,<=,176.500000,247
coin_max,>,3.958200,248
b_min,<=,45.500000,352
ndvi_min,>,0.190210,353
re_ndre_max,<=,0.559661,411
mrvb_median,>,0.091250,412
b_std,<=,13.658558,426
ddvi_max,>,269.000000,427
tri5_min,<=,0.144950,431
caar_sum,<=,1028109.250000,432
re_r_sum,>,489.000000,433
re_re_mean,>,75.126373,435
mesic
re_ndre_median,>,0.310796,0
tpi2_max,<=,-7.937050,246
re_nir_max,<=,176.500000,247
coin_max,>,3.958200,248
b_min,<=,45.500000,352
ndvi_min,>,0.190210,353
re_ndre_max,<=,0.559661,411
mrvb_median,>,0.091250,412
b_std,<=,13.658558,426
ddvi_max,>,269.000000,427
tri5_min,<=,0.144950,431
caar_sum,>,1028109.250000,432
pan4_glcm_hom_90,<=,-0.009251,438
mesic
re_ndre_median,>,0.310796,0
tpi2_max,<=,-7.937050,246
re_nir_max,<=,176.500000,247
coin_max,>,3.958200,248
b_min,<=,45.500000,352
ndvi_min,>,0.190210,353
re_ndre_max,<=,0.559661,411
mrvb_median,>,0.091250,412
b_std,<=,13.658558,426
ddvi_max,>,269.000000,427
tri5_min,<=,0.144950,431
caar_sum,>,1028109.250000,432
pan4_glcm_hom_90,>,-0.009251,438
wet
re_ndre_median,>,0.310796,0
tpi2_max,<=,-7.937050,246
re_nir_max,<=,176.500000,247
coin_max,>,3.958200,248
b_min,<=,45.500000,352
ndvi_min,>,0.190210,353
re_ndre_max,<=,0.559661,411
mrvb_median,>,0.091250,412
b_std,<=,13.658558,426
ddvi_max,>,269.000000,427
tri5_min,>,0.144950,431
pan4_glcm_dis_0,<=,0.019730,441
mesic
re_ndre_median,>,0.310796,0
tpi2_max,<=,-7.937050,246
re_nir_max,<=,176.500000,247
coin_max,>,3.958200,248
b_min,<=,45.500000,352
ndvi_min,>,0.190210,353
re_ndre_max,<=,0.559661,411
mrvb_median,>,0.091250,412
b_std,<=,13.658558,426
ddvi_max,>,269.000000,427
tri5_min,>,0.144950,431
pan4_glcm_dis_0,>,0.019730,441
pan4_glcm_con_0,<=,1513.906494,443
tpi2_min,<=,-32.513401,444
mesic
re_ndre_median,>,0.310796,0
tpi2_max,<=,-7.937050,246
re_nir_max,<=,176.500000,247
coin_max,>,3.958200,248
b_min,<=,45.500000,352
ndvi_min,>,0.190210,353
re_ndre_max,<=,0.559661,411
mrvb_median,>,0.091250,412
b_std,<=,13.658558,426
ddvi_max,>,269.000000,427
tri5_min,>,0.144950,431
pan4_glcm_dis_0,>,0.019730,441
pan4_glcm_con_0,<=,1513.906494,443
tpi2_min,>,-32.513401,444
wet
re_ndre_median,>,0.310796,0
tpi2_max,<=,-7.937050,246
re_nir_max,<=,176.500000,247
coin_max,>,3.958200,248
b_min,<=,45.500000,352
ndvi_min,>,0.190210,353
re_ndre_max,<=,0.559661,411
mrvb_median,>,0.091250,412
b_std,<=,13.658558,426
ddvi_max,>,269.000000,427
tri5_min,>,0.144950,431
pan4_glcm_dis_0,>,0.019730,441
pan4_glcm_con_0,>,1513.906494,443
diri_min,<=,1209.927246,447
mesic
re_ndre_median,>,0.310796,0
tpi2_max,<=,-7.937050,246
re_nir_max,<=,176.500000,247
coin_max,>,3.958200,248
b_min,<=,45.500000,352
ndvi_min,>,0.190210,353
re_ndre_max,<=,0.559661,411
mrvb_median,>,0.091250,412
b_std,<=,13.658558,426
ddvi_max,>,269.000000,427
tri5_min,>,0.144950,431
pan4_glcm_dis_0,>,0.019730,441
pan4_glcm_con_0,>,1513.906494,443
diri_min,>,1209.927246,447
wet
re_ndre_median,>,0.310796,0
tpi2_max,<=,-7.937050,246
re_nir_max,<=,176.500000,247
coin_max,>,3.958200,248
b_min,<=,45.500000,352
ndvi_min,>,0.190210,353
re_ndre_max,<=,0.559661,411
mrvb_median,>,0.091250,412
b_std,>,13.658558,426
swi_sum,<=,386.821411,450
re_r_std,<=,0.532821,451
mesic
re_ndre_median,>,0.310796,0
tpi2_max,<=,-7.937050,246
re_nir_max,<=,176.500000,247
coin_max,>,3.958200,248
b_min,<=,45.500000,352
ndvi_min,>,0.190210,353
re_ndre_max,<=,0.559661,411
mrvb_median,>,0.091250,412
b_std,>,13.658558,426
swi_sum,<=,386.821411,450
re_r_std,>,0.532821,451
wet
re_ndre_median,>,0.310796,0
tpi2_max,<=,-7.937050,246
re_nir_max,<=,176.500000,247
coin_max,>,3.958200,248
b_min,<=,45.500000,352
ndvi_min,>,0.190210,353
re_ndre_max,<=,0.559661,411
mrvb_median,>,0.091250,412
b_std,>,13.658558,426
swi_sum,>,386.821411,450
wet
re_ndre_median,>,0.310796,0
tpi2_max,<=,-7.937050,246
re_nir_max,<=,176.500000,247
coin_max,>,3.958200,248
b_min,<=,45.500000,352
ndvi_min,>,0.190210,353
re_ndre_max,>,0.559661,411
re_ndre_min,<=,0.298222,455
wet
re_ndre_median,>,0.310796,0
tpi2_max,<=,-7.937050,246
re_nir_max,<=,176.500000,247
coin_max,>,3.958200,248
b_min,<=,45.500000,352
ndvi_min,>,0.190210,353
re_ndre_max,>,0.559661,411
re_ndre_min,>,0.298222,455
mesic
re_ndre_median,>,0.310796,0
tpi2_max,<=,-7.937050,246
re_nir_max,<=,176.500000,247
coin_max,>,3.958200,248
b_min,>,45.500000,352
b_sum,<=,673701.500000,458
mrrt_max,<=,1.871800,459
mrvb_median,<=,0.868300,460
ndwi_min,<=,-0.293406,461
wief_mean,<=,0.801141,462
mesic
re_ndre_median,>,0.310796,0
tpi2_max,<=,-7.937050,246
re_nir_max,<=,176.500000,247
coin_max,>,3.958200,248
b_min,>,45.500000,352
b_sum,<=,673701.500000,458
mrrt_max,<=,1.871800,459
mrvb_median,<=,0.868300,460
ndwi_min,<=,-0.293406,461
wief_mean,>,0.801141,462
mpi_median,<=,0.128100,464
pan4_glcm_cor_135,<=,0.015083,465
mesic
re_ndre_median,>,0.310796,0
tpi2_max,<=,-7.937050,246
re_nir_max,<=,176.500000,247
coin_max,>,3.958200,248
b_min,>,45.500000,352
b_sum,<=,673701.500000,458
mrrt_max,<=,1.871800,459
mrvb_median,<=,0.868300,460
ndwi_min,<=,-0.293406,461
wief_mean,>,0.801141,462
mpi_median,<=,0.128100,464
pan4_glcm_cor_135,>,0.015083,465
wet
re_ndre_median,>,0.310796,0
tpi2_max,<=,-7.937050,246
re_nir_max,<=,176.500000,247
coin_max,>,3.958200,248
b_min,>,45.500000,352
b_sum,<=,673701.500000,458
mrrt_max,<=,1.871800,459
mrvb_median,<=,0.868300,460
ndwi_min,<=,-0.293406,461
wief_mean,>,0.801141,462
mpi_median,>,0.128100,464
re_nir_mean,<=,94.000000,468
mesic
re_ndre_median,>,0.310796,0
tpi2_max,<=,-7.937050,246
re_nir_max,<=,176.500000,247
coin_max,>,3.958200,248
b_min,>,45.500000,352
b_sum,<=,673701.500000,458
mrrt_max,<=,1.871800,459
mrvb_median,<=,0.868300,460
ndwi_min,<=,-0.293406,461
wief_mean,>,0.801141,462
mpi_median,>,0.128100,464
re_nir_mean,>,94.000000,468
pan4_std,<=,5.938961,470
mrrt_sum,<=,0.893550,471
wet
re_ndre_median,>,0.310796,0
tpi2_max,<=,-7.937050,246
re_nir_max,<=,176.500000,247
coin_max,>,3.958200,248
b_min,>,45.500000,352
b_sum,<=,673701.500000,458
mrrt_max,<=,1.871800,459
mrvb_median,<=,0.868300,460
ndwi_min,<=,-0.293406,461
wief_mean,>,0.801141,462
mpi_median,>,0.128100,464
re_nir_mean,>,94.000000,468
pan4_std,<=,5.938961,470
mrrt_sum,>,0.893550,471
mesic
re_ndre_median,>,0.310796,0
tpi2_max,<=,-7.937050,246
re_nir_max,<=,176.500000,247
coin_max,>,3.958200,248
b_min,>,45.500000,352
b_sum,<=,673701.500000,458
mrrt_max,<=,1.871800,459
mrvb_median,<=,0.868300,460
ndwi_min,<=,-0.293406,461
wief_mean,>,0.801141,462
mpi_median,>,0.128100,464
re_nir_mean,>,94.000000,468
pan4_std,>,5.938961,470
ddvi_min,<=,162.500000,474
mesic
re_ndre_median,>,0.310796,0
tpi2_max,<=,-7.937050,246
re_nir_max,<=,176.500000,247
coin_max,>,3.958200,248
b_min,>,45.500000,352
b_sum,<=,673701.500000,458
mrrt_max,<=,1.871800,459
mrvb_median,<=,0.868300,460
ndwi_min,<=,-0.293406,461
wief_mean,>,0.801141,462
mpi_median,>,0.128100,464
re_nir_mean,>,94.000000,468
pan4_std,>,5.938961,470
ddvi_min,>,162.500000,474
wet
re_ndre_median,>,0.310796,0
tpi2_max,<=,-7.937050,246
re_nir_max,<=,176.500000,247
coin_max,>,3.958200,248
b_min,>,45.500000,352
b_sum,<=,673701.500000,458
mrrt_max,<=,1.871800,459
mrvb_median,<=,0.868300,460
ndwi_min,>,-0.293406,461
mesic
re_ndre_median,>,0.310796,0
tpi2_max,<=,-7.937050,246
re_nir_max,<=,176.500000,247
coin_max,>,3.958200,248
b_min,>,45.500000,352
b_sum,<=,673701.500000,458
mrrt_max,<=,1.871800,459
mrvb_median,>,0.868300,460
re_ndvi_re_median,<=,0.191446,478
pan4_count,<=,1899.500000,479
re_re_sum,<=,1903.500000,480
caar_min,<=,1270.273682,481
wet
re_ndre_median,>,0.310796,0
tpi2_max,<=,-7.937050,246
re_nir_max,<=,176.500000,247
coin_max,>,3.958200,248
b_min,>,45.500000,352
b_sum,<=,673701.500000,458
mrrt_max,<=,1.871800,459
mrvb_median,>,0.868300,460
re_ndvi_re_median,<=,0.191446,478
pan4_count,<=,1899.500000,479
re_re_sum,<=,1903.500000,480
caar_min,>,1270.273682,481
wet
re_ndre_median,>,0.310796,0
tpi2_max,<=,-7.937050,246
re_nir_max,<=,176.500000,247
coin_max,>,3.958200,248
b_min,>,45.500000,352
b_sum,<=,673701.500000,458
mrrt_max,<=,1.871800,459
mrvb_median,>,0.868300,460
re_ndvi_re_median,<=,0.191446,478
pan4_count,<=,1899.500000,479
re_re_sum,>,1903.500000,480
curv_min,<=,-0.872070,484
prcu_mean,<=,0.009990,485
wet
re_ndre_median,>,0.310796,0
tpi2_max,<=,-7.937050,246
re_nir_max,<=,176.500000,247
coin_max,>,3.958200,248
b_min,>,45.500000,352
b_sum,<=,673701.500000,458
mrrt_max,<=,1.871800,459
mrvb_median,>,0.868300,460
re_ndvi_re_median,<=,0.191446,478
pan4_count,<=,1899.500000,479
re_re_sum,>,1903.500000,480
curv_min,<=,-0.872070,484
prcu_mean,>,0.009990,485
wet
re_ndre_median,>,0.310796,0
tpi2_max,<=,-7.937050,246
re_nir_max,<=,176.500000,247
coin_max,>,3.958200,248
b_min,>,45.500000,352
b_sum,<=,673701.500000,458
mrrt_max,<=,1.871800,459
mrvb_median,>,0.868300,460
re_ndvi_re_median,<=,0.191446,478
pan4_count,<=,1899.500000,479
re_re_sum,>,1903.500000,480
curv_min,>,-0.872070,484
mesic
re_ndre_median,>,0.310796,0
tpi2_max,<=,-7.937050,246
re_nir_max,<=,176.500000,247
coin_max,>,3.958200,248
b_min,>,45.500000,352
b_sum,<=,673701.500000,458
mrrt_max,<=,1.871800,459
mrvb_median,>,0.868300,460
re_ndvi_re_median,<=,0.191446,478
pan4_count,>,1899.500000,479
wet
re_ndre_median,>,0.310796,0
tpi2_max,<=,-7.937050,246
re_nir_max,<=,176.500000,247
coin_max,>,3.958200,248
b_min,>,45.500000,352
b_sum,<=,673701.500000,458
mrrt_max,<=,1.871800,459
mrvb_median,>,0.868300,460
re_ndvi_re_median,>,0.191446,478
diri_median,<=,1170.576904,490
mesic
re_ndre_median,>,0.310796,0
tpi2_max,<=,-7.937050,246
re_nir_max,<=,176.500000,247
coin_max,>,3.958200,248
b_min,>,45.500000,352
b_sum,<=,673701.500000,458
mrrt_max,<=,1.871800,459
mrvb_median,>,0.868300,460
re_ndvi_re_median,>,0.191446,478
diri_median,>,1170.576904,490
caar_sum,<=,10640.761719,492
mesic
re_ndre_median,>,0.310796,0
tpi2_max,<=,-7.937050,246
re_nir_max,<=,176.500000,247
coin_max,>,3.958200,248
b_min,>,45.500000,352
b_sum,<=,673701.500000,458
mrrt_max,<=,1.871800,459
mrvb_median,>,0.868300,460
re_ndvi_re_median,>,0.191446,478
diri_median,>,1170.576904,490
caar_sum,>,10640.761719,492
ndvi_min,<=,0.136972,494
difi_max,<=,183.983246,495
mesic
re_ndre_median,>,0.310796,0
tpi2_max,<=,-7.937050,246
re_nir_max,<=,176.500000,247
coin_max,>,3.958200,248
b_min,>,45.500000,352
b_sum,<=,673701.500000,458
mrrt_max,<=,1.871800,459
mrvb_median,>,0.868300,460
re_ndvi_re_median,>,0.191446,478
diri_median,>,1170.576904,490
caar_sum,>,10640.761719,492
ndvi_min,<=,0.136972,494
difi_max,>,183.983246,495
b_mean,<=,108.512642,497
mesic
re_ndre_median,>,0.310796,0
tpi2_max,<=,-7.937050,246
re_nir_max,<=,176.500000,247
coin_max,>,3.958200,248
b_min,>,45.500000,352
b_sum,<=,673701.500000,458
mrrt_max,<=,1.871800,459
mrvb_median,>,0.868300,460
re_ndvi_re_median,>,0.191446,478
diri_median,>,1170.576904,490
caar_sum,>,10640.761719,492
ndvi_min,<=,0.136972,494
difi_max,>,183.983246,495
b_mean,>,108.512642,497
wet
re_ndre_median,>,0.310796,0
tpi2_max,<=,-7.937050,246
re_nir_max,<=,176.500000,247
coin_max,>,3.958200,248
b_min,>,45.500000,352
b_sum,<=,673701.500000,458
mrrt_max,<=,1.871800,459
mrvb_median,>,0.868300,460
re_ndvi_re_median,>,0.191446,478
diri_median,>,1170.576904,490
caar_sum,>,10640.761719,492
ndvi_min,>,0.136972,494
prcu_sum,<=,-4.932856,500
wet
re_ndre_median,>,0.310796,0
tpi2_max,<=,-7.937050,246
re_nir_max,<=,176.500000,247
coin_max,>,3.958200,248
b_min,>,45.500000,352
b_sum,<=,673701.500000,458
mrrt_max,<=,1.871800,459
mrvb_median,>,0.868300,460
re_ndvi_re_median,>,0.191446,478
diri_median,>,1170.576904,490
caar_sum,>,10640.761719,492
ndvi_min,>,0.136972,494
prcu_sum,>,-4.932856,500
wet
re_ndre_median,>,0.310796,0
tpi2_max,<=,-7.937050,246
re_nir_max,<=,176.500000,247
coin_max,>,3.958200,248
b_min,>,45.500000,352
b_sum,<=,673701.500000,458
mrrt_max,>,1.871800,459
mesic
re_ndre_median,>,0.310796,0
tpi2_max,<=,-7.937050,246
re_nir_max,<=,176.500000,247
coin_max,>,3.958200,248
b_min,>,45.500000,352
b_sum,>,673701.500000,458
difi_median,<=,183.592743,504
mesic
re_ndre_median,>,0.310796,0
tpi2_max,<=,-7.937050,246
re_nir_max,<=,176.500000,247
coin_max,>,3.958200,248
b_min,>,45.500000,352
b_sum,>,673701.500000,458
difi_median,>,183.592743,504
tpi5_sum,<=,-888.370850,506
mesic
re_ndre_median,>,0.310796,0
tpi2_max,<=,-7.937050,246
re_nir_max,<=,176.500000,247
coin_max,>,3.958200,248
b_min,>,45.500000,352
b_sum,>,673701.500000,458
difi_median,>,183.592743,504
tpi5_sum,>,-888.370850,506
difi_median,<=,183.771652,508
wet
re_ndre_median,>,0.310796,0
tpi2_max,<=,-7.937050,246
re_nir_max,<=,176.500000,247
coin_max,>,3.958200,248
b_min,>,45.500000,352
b_sum,>,673701.500000,458
difi_median,>,183.592743,504
tpi5_sum,>,-888.370850,506
difi_median,>,183.771652,508
pan4_glcm_con_45,<=,21.294098,510
wet
re_ndre_median,>,0.310796,0
tpi2_max,<=,-7.937050,246
re_nir_max,<=,176.500000,247
coin_max,>,3.958200,248
b_min,>,45.500000,352
b_sum,>,673701.500000,458
difi_median,>,183.592743,504
tpi5_sum,>,-888.370850,506
difi_median,>,183.771652,508
pan4_glcm_con_45,>,21.294098,510
mesic
re_ndre_median,>,0.310796,0
tpi2_max,<=,-7.937050,246
re_nir_max,>,176.500000,247
flac_median,<=,12.500000,513
diah_mean,<=,-0.024925,514
mesic
re_ndre_median,>,0.310796,0
tpi2_max,<=,-7.937050,246
re_nir_max,>,176.500000,247
flac_median,<=,12.500000,513
diah_mean,>,-0.024925,514
pan_std,<=,13.308867,516
nir_min,<=,89.000000,517
re_ndvi_re_max,<=,0.346667,518
wet
re_ndre_median,>,0.310796,0
tpi2_max,<=,-7.937050,246
re_nir_max,>,176.500000,247
flac_median,<=,12.500000,513
diah_mean,>,-0.024925,514
pan_std,<=,13.308867,516
nir_min,<=,89.000000,517
re_ndvi_re_max,>,0.346667,518
flac_sum,<=,14673.000000,520
mesic
re_ndre_median,>,0.310796,0
tpi2_max,<=,-7.937050,246
re_nir_max,>,176.500000,247
flac_median,<=,12.500000,513
diah_mean,>,-0.024925,514
pan_std,<=,13.308867,516
nir_min,<=,89.000000,517
re_ndvi_re_max,>,0.346667,518
flac_sum,>,14673.000000,520
wet
re_ndre_median,>,0.310796,0
tpi2_max,<=,-7.937050,246
re_nir_max,>,176.500000,247
flac_median,<=,12.500000,513
diah_mean,>,-0.024925,514
pan_std,<=,13.308867,516
nir_min,>,89.000000,517
tpi2_max,<=,-17.759651,523
pan4_glcm_ent_45,<=,0.000949,524
pan4_count,<=,17854.000000,525
mesic
re_ndre_median,>,0.310796,0
tpi2_max,<=,-7.937050,246
re_nir_max,>,176.500000,247
flac_median,<=,12.500000,513
diah_mean,>,-0.024925,514
pan_std,<=,13.308867,516
nir_min,>,89.000000,517
tpi2_max,<=,-17.759651,523
pan4_glcm_ent_45,<=,0.000949,524
pan4_count,>,17854.000000,525
pan4_median,<=,126.750000,527
mesic
re_ndre_median,>,0.310796,0
tpi2_max,<=,-7.937050,246
re_nir_max,>,176.500000,247
flac_median,<=,12.500000,513
diah_mean,>,-0.024925,514
pan_std,<=,13.308867,516
nir_min,>,89.000000,517
tpi2_max,<=,-17.759651,523
pan4_glcm_ent_45,<=,0.000949,524
pan4_count,>,17854.000000,525
pan4_median,>,126.750000,527
wet
re_ndre_median,>,0.310796,0
tpi2_max,<=,-7.937050,246
re_nir_max,>,176.500000,247
flac_median,<=,12.500000,513
diah_mean,>,-0.024925,514
pan_std,<=,13.308867,516
nir_min,>,89.000000,517
tpi2_max,<=,-17.759651,523
pan4_glcm_ent_45,>,0.000949,524
bai_mean,<=,-0.377053,530
wief_max,<=,0.787850,531
wet
re_ndre_median,>,0.310796,0
tpi2_max,<=,-7.937050,246
re_nir_max,>,176.500000,247
flac_median,<=,12.500000,513
diah_mean,>,-0.024925,514
pan_std,<=,13.308867,516
nir_min,>,89.000000,517
tpi2_max,<=,-17.759651,523
pan4_glcm_ent_45,>,0.000949,524
bai_mean,<=,-0.377053,530
wief_max,>,0.787850,531
wet
re_ndre_median,>,0.310796,0
tpi2_max,<=,-7.937050,246
re_nir_max,>,176.500000,247
flac_median,<=,12.500000,513
diah_mean,>,-0.024925,514
pan_std,<=,13.308867,516
nir_min,>,89.000000,517
tpi2_max,<=,-17.759651,523
pan4_glcm_ent_45,>,0.000949,524
bai_mean,>,-0.377053,530
swi_mean,<=,9.030089,534
wet
re_ndre_median,>,0.310796,0
tpi2_max,<=,-7.937050,246
re_nir_max,>,176.500000,247
flac_median,<=,12.500000,513
diah_mean,>,-0.024925,514
pan_std,<=,13.308867,516
nir_min,>,89.000000,517
tpi2_max,<=,-17.759651,523
pan4_glcm_ent_45,>,0.000949,524
bai_mean,>,-0.377053,530
swi_mean,>,9.030089,534
mesic
re_ndre_median,>,0.310796,0
tpi2_max,<=,-7.937050,246
re_nir_max,>,176.500000,247
flac_median,<=,12.500000,513
diah_mean,>,-0.024925,514
pan_std,<=,13.308867,516
nir_min,>,89.000000,517
tpi2_max,>,-17.759651,523
tpi2_std,<=,0.127997,537
nir_std,<=,8.190317,538
mesic
re_ndre_median,>,0.310796,0
tpi2_max,<=,-7.937050,246
re_nir_max,>,176.500000,247
flac_median,<=,12.500000,513
diah_mean,>,-0.024925,514
pan_std,<=,13.308867,516
nir_min,>,89.000000,517
tpi2_max,>,-17.759651,523
tpi2_std,<=,0.127997,537
nir_std,>,8.190317,538
tpi5_mean,<=,-0.514738,540
wet
re_ndre_median,>,0.310796,0
tpi2_max,<=,-7.937050,246
re_nir_max,>,176.500000,247
flac_median,<=,12.500000,513
diah_mean,>,-0.024925,514
pan_std,<=,13.308867,516
nir_min,>,89.000000,517
tpi2_max,>,-17.759651,523
tpi2_std,<=,0.127997,537
nir_std,>,8.190317,538
tpi5_mean,>,-0.514738,540
mesic
re_ndre_median,>,0.310796,0
tpi2_max,<=,-7.937050,246
re_nir_max,>,176.500000,247
flac_median,<=,12.500000,513
diah_mean,>,-0.024925,514
pan_std,<=,13.308867,516
nir_min,>,89.000000,517
tpi2_max,>,-17.759651,523
tpi2_std,>,0.127997,537
mesic
re_ndre_median,>,0.310796,0
tpi2_max,<=,-7.937050,246
re_nir_max,>,176.500000,247
flac_median,<=,12.500000,513
diah_mean,>,-0.024925,514
pan_std,>,13.308867,516
wief_median,<=,0.903750,544
tpi5_mean,<=,-0.361115,545
coin_std,<=,2.014498,546
mesic
re_ndre_median,>,0.310796,0
tpi2_max,<=,-7.937050,246
re_nir_max,>,176.500000,247
flac_median,<=,12.500000,513
diah_mean,>,-0.024925,514
pan_std,>,13.308867,516
wief_median,<=,0.903750,544
tpi5_mean,<=,-0.361115,545
coin_std,>,2.014498,546
curv_sum,<=,212.653168,548
ddvi_max,<=,297.500000,549
mrvb_max,<=,2.958650,550
mrvb_sum,<=,101.975700,551
mesic
re_ndre_median,>,0.310796,0
tpi2_max,<=,-7.937050,246
re_nir_max,>,176.500000,247
flac_median,<=,12.500000,513
diah_mean,>,-0.024925,514
pan_std,>,13.308867,516
wief_median,<=,0.903750,544
tpi5_mean,<=,-0.361115,545
coin_std,>,2.014498,546
curv_sum,<=,212.653168,548
ddvi_max,<=,297.500000,549
mrvb_max,<=,2.958650,550
mrvb_sum,>,101.975700,551
wet
re_ndre_median,>,0.310796,0
tpi2_max,<=,-7.937050,246
re_nir_max,>,176.500000,247
flac_median,<=,12.500000,513
diah_mean,>,-0.024925,514
pan_std,>,13.308867,516
wief_median,<=,0.903750,544
tpi5_mean,<=,-0.361115,545
coin_std,>,2.014498,546
curv_sum,<=,212.653168,548
ddvi_max,<=,297.500000,549
mrvb_max,>,2.958650,550
mesic
re_ndre_median,>,0.310796,0
tpi2_max,<=,-7.937050,246
re_nir_max,>,176.500000,247
flac_median,<=,12.500000,513
diah_mean,>,-0.024925,514
pan_std,>,13.308867,516
wief_median,<=,0.903750,544
tpi5_mean,<=,-0.361115,545
coin_std,>,2.014498,546
curv_sum,<=,212.653168,548
ddvi_max,>,297.500000,549
re_ndvi_re_max,<=,0.294605,555
mesic
re_ndre_median,>,0.310796,0
tpi2_max,<=,-7.937050,246
re_nir_max,>,176.500000,247
flac_median,<=,12.500000,513
diah_mean,>,-0.024925,514
pan_std,>,13.308867,516
wief_median,<=,0.903750,544
tpi5_mean,<=,-0.361115,545
coin_std,>,2.014498,546
curv_sum,<=,212.653168,548
ddvi_max,>,297.500000,549
re_ndvi_re_max,>,0.294605,555
tpi2_max,<=,-26.593849,557
wet
re_ndre_median,>,0.310796,0
tpi2_max,<=,-7.937050,246
re_nir_max,>,176.500000,247
flac_median,<=,12.500000,513
diah_mean,>,-0.024925,514
pan_std,>,13.308867,516
wief_median,<=,0.903750,544
tpi5_mean,<=,-0.361115,545
coin_std,>,2.014498,546
curv_sum,<=,212.653168,548
ddvi_max,>,297.500000,549
re_ndvi_re_max,>,0.294605,555
tpi2_max,>,-26.593849,557
re_ndvi_re_max,<=,0.394428,559
wet
re_ndre_median,>,0.310796,0
tpi2_max,<=,-7.937050,246
re_nir_max,>,176.500000,247
flac_median,<=,12.500000,513
diah_mean,>,-0.024925,514
pan_std,>,13.308867,516
wief_median,<=,0.903750,544
tpi5_mean,<=,-0.361115,545
coin_std,>,2.014498,546
curv_sum,<=,212.653168,548
ddvi_max,>,297.500000,549
re_ndvi_re_max,>,0.294605,555
tpi2_max,>,-26.593849,557
re_ndvi_re_max,>,0.394428,559
mesic
re_ndre_median,>,0.310796,0
tpi2_max,<=,-7.937050,246
re_nir_max,>,176.500000,247
flac_median,<=,12.500000,513
diah_mean,>,-0.024925,514
pan_std,>,13.308867,516
wief_median,<=,0.903750,544
tpi5_mean,<=,-0.361115,545
coin_std,>,2.014498,546
curv_sum,>,212.653168,548
mesic
re_ndre_median,>,0.310796,0
tpi2_max,<=,-7.937050,246
re_nir_max,>,176.500000,247
flac_median,<=,12.500000,513
diah_mean,>,-0.024925,514
pan_std,>,13.308867,516
wief_median,<=,0.903750,544
tpi5_mean,>,-0.361115,545
mesic
re_ndre_median,>,0.310796,0
tpi2_max,<=,-7.937050,246
re_nir_max,>,176.500000,247
flac_median,<=,12.500000,513
diah_mean,>,-0.024925,514
pan_std,>,13.308867,516
wief_median,>,0.903750,544
mesic
re_ndre_median,>,0.310796,0
tpi2_max,<=,-7.937050,246
re_nir_max,>,176.500000,247
flac_median,>,12.500000,513
caar_min,<=,217.968201,565
mrrt_std,<=,0.033495,566
mesic
re_ndre_median,>,0.310796,0
tpi2_max,<=,-7.937050,246
re_nir_max,>,176.500000,247
flac_median,>,12.500000,513
caar_min,<=,217.968201,565
mrrt_std,>,0.033495,566
prcu_mean,<=,0.214266,568
mesic
re_ndre_median,>,0.310796,0
tpi2_max,<=,-7.937050,246
re_nir_max,>,176.500000,247
flac_median,>,12.500000,513
caar_min,<=,217.968201,565
mrrt_std,>,0.033495,566
prcu_mean,>,0.214266,568
ddvi_std,<=,19.799717,570
mesic
re_ndre_median,>,0.310796,0
tpi2_max,<=,-7.937050,246
re_nir_max,>,176.500000,247
flac_median,>,12.500000,513
caar_min,<=,217.968201,565
mrrt_std,>,0.033495,566
prcu_mean,>,0.214266,568
ddvi_std,>,19.799717,570
wet
re_ndre_median,>,0.310796,0
tpi2_max,<=,-7.937050,246
re_nir_max,>,176.500000,247
flac_median,>,12.500000,513
caar_min,>,217.968201,565
pan4_glcm_ent_90,<=,0.045959,573
mesic
re_ndre_median,>,0.310796,0
tpi2_max,<=,-7.937050,246
re_nir_max,>,176.500000,247
flac_median,>,12.500000,513
caar_min,>,217.968201,565
pan4_glcm_ent_90,>,0.045959,573
pan4_glcm_cor_135,<=,-0.007651,575
mesic
re_ndre_median,>,0.310796,0
tpi2_max,<=,-7.937050,246
re_nir_max,>,176.500000,247
flac_median,>,12.500000,513
caar_min,>,217.968201,565
pan4_glcm_ent_90,>,0.045959,573
pan4_glcm_cor_135,>,-0.007651,575
r_median,<=,82.000000,577
mesic
re_ndre_median,>,0.310796,0
tpi2_max,<=,-7.937050,246
re_nir_max,>,176.500000,247
flac_median,>,12.500000,513
caar_min,>,217.968201,565
pan4_glcm_ent_90,>,0.045959,573
pan4_glcm_cor_135,>,-0.007651,575
r_median,>,82.000000,577
wet
re_ndre_median,>,0.310796,0
tpi2_max,>,-7.937050,246
caar_median,<=,306.236450,580
bai_min,<=,-0.567159,581
tri5_mean,<=,0.563329,582
ndvi_max,<=,0.742700,583
tpi5_median,<=,0.267000,584
bai_min,<=,-0.601242,585
mpi_std,<=,0.074706,586
pan4_glcm_con_90,<=,0.039241,587
wet
re_ndre_median,>,0.310796,0
tpi2_max,>,-7.937050,246
caar_median,<=,306.236450,580
bai_min,<=,-0.567159,581
tri5_mean,<=,0.563329,582
ndvi_max,<=,0.742700,583
tpi5_median,<=,0.267000,584
bai_min,<=,-0.601242,585
mpi_std,<=,0.074706,586
pan4_glcm_con_90,>,0.039241,587
mesic
re_ndre_median,>,0.310796,0
tpi2_max,>,-7.937050,246
caar_median,<=,306.236450,580
bai_min,<=,-0.567159,581
tri5_mean,<=,0.563329,582
ndvi_max,<=,0.742700,583
tpi5_median,<=,0.267000,584
bai_min,<=,-0.601242,585
mpi_std,>,0.074706,586
wet
re_ndre_median,>,0.310796,0
tpi2_max,>,-7.937050,246
caar_median,<=,306.236450,580
bai_min,<=,-0.567159,581
tri5_mean,<=,0.563329,582
ndvi_max,<=,0.742700,583
tpi5_median,<=,0.267000,584
bai_min,>,-0.601242,585
mesic
re_ndre_median,>,0.310796,0
tpi2_max,>,-7.937050,246
caar_median,<=,306.236450,580
bai_min,<=,-0.567159,581
tri5_mean,<=,0.563329,582
ndvi_max,<=,0.742700,583
tpi5_median,>,0.267000,584
mesic
re_ndre_median,>,0.310796,0
tpi2_max,>,-7.937050,246
caar_median,<=,306.236450,580
bai_min,<=,-0.567159,581
tri5_mean,<=,0.563329,582
ndvi_max,>,0.742700,583
wief_min,<=,1.165200,593
difi_max,<=,190.695297,594
mesic
re_ndre_median,>,0.310796,0
tpi2_max,>,-7.937050,246
caar_median,<=,306.236450,580
bai_min,<=,-0.567159,581
tri5_mean,<=,0.563329,582
ndvi_max,>,0.742700,583
wief_min,<=,1.165200,593
difi_max,>,190.695297,594
wet
re_ndre_median,>,0.310796,0
tpi2_max,>,-7.937050,246
caar_median,<=,306.236450,580
bai_min,<=,-0.567159,581
tri5_mean,<=,0.563329,582
ndvi_max,>,0.742700,583
wief_min,>,1.165200,593
pan4_max,<=,139.750000,597
mesic
re_ndre_median,>,0.310796,0
tpi2_max,>,-7.937050,246
caar_median,<=,306.236450,580
bai_min,<=,-0.567159,581
tri5_mean,<=,0.563329,582
ndvi_max,>,0.742700,583
wief_min,>,1.165200,593
pan4_max,>,139.750000,597
dry
re_ndre_median,>,0.310796,0
tpi2_max,>,-7.937050,246
caar_median,<=,306.236450,580
bai_min,<=,-0.567159,581
tri5_mean,>,0.563329,582
re_ndre_median,<=,0.334314,600
pan_min,<=,24.801001,601
mesic
re_ndre_median,>,0.310796,0
tpi2_max,>,-7.937050,246
caar_median,<=,306.236450,580
bai_min,<=,-0.567159,581
tri5_mean,>,0.563329,582
re_ndre_median,<=,0.334314,600
pan_min,>,24.801001,601
re_re_median,<=,77.000000,603
caar_std,<=,14.485537,604
mesic
re_ndre_median,>,0.310796,0
tpi2_max,>,-7.937050,246
caar_median,<=,306.236450,580
bai_min,<=,-0.567159,581
tri5_mean,>,0.563329,582
re_ndre_median,<=,0.334314,600
pan_min,>,24.801001,601
re_re_median,<=,77.000000,603
caar_std,>,14.485537,604
pan4_glcm_max_90,<=,2844.056641,606
tpi5_std,<=,0.806875,607
flac_min,<=,16.500000,608
coin_median,<=,-2.017300,609
mesic
re_ndre_median,>,0.310796,0
tpi2_max,>,-7.937050,246
caar_median,<=,306.236450,580
bai_min,<=,-0.567159,581
tri5_mean,>,0.563329,582
re_ndre_median,<=,0.334314,600
pan_min,>,24.801001,601
re_re_median,<=,77.000000,603
caar_std,>,14.485537,604
pan4_glcm_max_90,<=,2844.056641,606
tpi5_std,<=,0.806875,607
flac_min,<=,16.500000,608
coin_median,>,-2.017300,609
prcu_min,<=,-1.502499,611
dry
re_ndre_median,>,0.310796,0
tpi2_max,>,-7.937050,246
caar_median,<=,306.236450,580
bai_min,<=,-0.567159,581
tri5_mean,>,0.563329,582
re_ndre_median,<=,0.334314,600
pan_min,>,24.801001,601
re_re_median,<=,77.000000,603
caar_std,>,14.485537,604
pan4_glcm_max_90,<=,2844.056641,606
tpi5_std,<=,0.806875,607
flac_min,<=,16.500000,608
coin_median,>,-2.017300,609
prcu_min,>,-1.502499,611
dry
re_ndre_median,>,0.310796,0
tpi2_max,>,-7.937050,246
caar_median,<=,306.236450,580
bai_min,<=,-0.567159,581
tri5_mean,>,0.563329,582
re_ndre_median,<=,0.334314,600
pan_min,>,24.801001,601
re_re_median,<=,77.000000,603
caar_std,>,14.485537,604
pan4_glcm_max_90,<=,2844.056641,606
tpi5_std,<=,0.806875,607
flac_min,>,16.500000,608
mesic
re_ndre_median,>,0.310796,0
tpi2_max,>,-7.937050,246
caar_median,<=,306.236450,580
bai_min,<=,-0.567159,581
tri5_mean,>,0.563329,582
re_ndre_median,<=,0.334314,600
pan_min,>,24.801001,601
re_re_median,<=,77.000000,603
caar_std,>,14.485537,604
pan4_glcm_max_90,<=,2844.056641,606
tpi5_std,>,0.806875,607
mesic
re_ndre_median,>,0.310796,0
tpi2_max,>,-7.937050,246
caar_median,<=,306.236450,580
bai_min,<=,-0.567159,581
tri5_mean,>,0.563329,582
re_ndre_median,<=,0.334314,600
pan_min,>,24.801001,601
re_re_median,<=,77.000000,603
caar_std,>,14.485537,604
pan4_glcm_max_90,>,2844.056641,606
mesic
re_ndre_median,>,0.310796,0
tpi2_max,>,-7.937050,246
caar_median,<=,306.236450,580
bai_min,<=,-0.567159,581
tri5_mean,>,0.563329,582
re_ndre_median,<=,0.334314,600
pan_min,>,24.801001,601
re_re_median,>,77.000000,603
mesic
re_ndre_median,>,0.310796,0
tpi2_max,>,-7.937050,246
caar_median,<=,306.236450,580
bai_min,<=,-0.567159,581
tri5_mean,>,0.563329,582
re_ndre_median,>,0.334314,600
re_ndvi_mean,<=,0.492260,618
mpi_median,<=,0.338075,619
pan4_glcm_std_135,<=,-7.804552,620
mesic
re_ndre_median,>,0.310796,0
tpi2_max,>,-7.937050,246
caar_median,<=,306.236450,580
bai_min,<=,-0.567159,581
tri5_mean,>,0.563329,582
re_ndre_median,>,0.334314,600
re_ndvi_mean,<=,0.492260,618
mpi_median,<=,0.338075,619
pan4_glcm_std_135,>,-7.804552,620
prcu_max,<=,2.047765,622
mpi_min,<=,0.207550,623
dry
re_ndre_median,>,0.310796,0
tpi2_max,>,-7.937050,246
caar_median,<=,306.236450,580
bai_min,<=,-0.567159,581
tri5_mean,>,0.563329,582
re_ndre_median,>,0.334314,600
re_ndvi_mean,<=,0.492260,618
mpi_median,<=,0.338075,619
pan4_glcm_std_135,>,-7.804552,620
prcu_max,<=,2.047765,622
mpi_min,>,0.207550,623
dry
re_ndre_median,>,0.310796,0
tpi2_max,>,-7.937050,246
caar_median,<=,306.236450,580
bai_min,<=,-0.567159,581
tri5_mean,>,0.563329,582
re_ndre_median,>,0.334314,600
re_ndvi_mean,<=,0.492260,618
mpi_median,<=,0.338075,619
pan4_glcm_std_135,>,-7.804552,620
prcu_max,>,2.047765,622
mesic
re_ndre_median,>,0.310796,0
tpi2_max,>,-7.937050,246
caar_median,<=,306.236450,580
bai_min,<=,-0.567159,581
tri5_mean,>,0.563329,582
re_ndre_median,>,0.334314,600
re_ndvi_mean,<=,0.492260,618
mpi_median,>,0.338075,619
mesic
re_ndre_median,>,0.310796,0
tpi2_max,>,-7.937050,246
caar_median,<=,306.236450,580
bai_min,<=,-0.567159,581
tri5_mean,>,0.563329,582
re_ndre_median,>,0.334314,600
re_ndvi_mean,>,0.492260,618
mesic
re_ndre_median,>,0.310796,0
tpi2_max,>,-7.937050,246
caar_median,<=,306.236450,580
bai_min,>,-0.567159,581
b_max,<=,100.500000,629
ndvi_median,<=,0.516772,630
mesic
re_ndre_median,>,0.310796,0
tpi2_max,>,-7.937050,246
caar_median,<=,306.236450,580
bai_min,>,-0.567159,581
b_max,<=,100.500000,629
ndvi_median,>,0.516772,630
curv_mean,<=,0.295648,632
mesic
re_ndre_median,>,0.310796,0
tpi2_max,>,-7.937050,246
caar_median,<=,306.236450,580
bai_min,>,-0.567159,581
b_max,<=,100.500000,629
ndvi_median,>,0.516772,630
curv_mean,>,0.295648,632
pan4_median,<=,55.875000,634
pan4_glcm_con_45,<=,25.819555,635
dry
re_ndre_median,>,0.310796,0
tpi2_max,>,-7.937050,246
caar_median,<=,306.236450,580
bai_min,>,-0.567159,581
b_max,<=,100.500000,629
ndvi_median,>,0.516772,630
curv_mean,>,0.295648,632
pan4_median,<=,55.875000,634
pan4_glcm_con_45,>,25.819555,635
dry
re_ndre_median,>,0.310796,0
tpi2_max,>,-7.937050,246
caar_median,<=,306.236450,580
bai_min,>,-0.567159,581
b_max,<=,100.500000,629
ndvi_median,>,0.516772,630
curv_mean,>,0.295648,632
pan4_median,>,55.875000,634
mesic
re_ndre_median,>,0.310796,0
tpi2_max,>,-7.937050,246
caar_median,<=,306.236450,580
bai_min,>,-0.567159,581
b_max,>,100.500000,629
difi_median,<=,183.353851,639
ndwi_std,<=,0.019969,640
wief_median,<=,0.819050,641
dry
re_ndre_median,>,0.310796,0
tpi2_max,>,-7.937050,246
caar_median,<=,306.236450,580
bai_min,>,-0.567159,581
b_max,>,100.500000,629
difi_median,<=,183.353851,639
ndwi_std,<=,0.019969,640
wief_median,>,0.819050,641
mesic
re_ndre_median,>,0.310796,0
tpi2_max,>,-7.937050,246
caar_median,<=,306.236450,580
bai_min,>,-0.567159,581
b_max,>,100.500000,629
difi_median,<=,183.353851,639
ndwi_std,>,0.019969,640
mesic
re_ndre_median,>,0.310796,0
tpi2_max,>,-7.937050,246
caar_median,<=,306.236450,580
bai_min,>,-0.567159,581
b_max,>,100.500000,629
difi_median,>,183.353851,639
caar_median,<=,294.352295,645
curv_median,<=,-0.862061,646
re_ndvi_min,<=,0.582504,647
mesic
re_ndre_median,>,0.310796,0
tpi2_max,>,-7.937050,246
caar_median,<=,306.236450,580
bai_min,>,-0.567159,581
b_max,>,100.500000,629
difi_median,>,183.353851,639
caar_median,<=,294.352295,645
curv_median,<=,-0.862061,646
re_ndvi_min,>,0.582504,647
wet
re_ndre_median,>,0.310796,0
tpi2_max,>,-7.937050,246
caar_median,<=,306.236450,580
bai_min,>,-0.567159,581
b_max,>,100.500000,629
difi_median,>,183.353851,639
caar_median,<=,294.352295,645
curv_median,>,-0.862061,646
mesic
re_ndre_median,>,0.310796,0
tpi2_max,>,-7.937050,246
caar_median,<=,306.236450,580
bai_min,>,-0.567159,581
b_max,>,100.500000,629
difi_median,>,183.353851,639
caar_median,>,294.352295,645
wief_median,<=,0.964200,651
re_r_min,<=,32.000000,652
mesic
re_ndre_median,>,0.310796,0
tpi2_max,>,-7.937050,246
caar_median,<=,306.236450,580
bai_min,>,-0.567159,581
b_max,>,100.500000,629
difi_median,>,183.353851,639
caar_median,>,294.352295,645
wief_median,<=,0.964200,651
re_r_min,>,32.000000,652
nir_min,<=,129.000000,654
mesic
re_ndre_median,>,0.310796,0
tpi2_max,>,-7.937050,246
caar_median,<=,306.236450,580
bai_min,>,-0.567159,581
b_max,>,100.500000,629
difi_median,>,183.353851,639
caar_median,>,294.352295,645
wief_median,<=,0.964200,651
re_r_min,>,32.000000,652
nir_min,>,129.000000,654
wet
re_ndre_median,>,0.310796,0
tpi2_max,>,-7.937050,246
caar_median,<=,306.236450,580
bai_min,>,-0.567159,581
b_max,>,100.500000,629
difi_median,>,183.353851,639
caar_median,>,294.352295,645
wief_median,>,0.964200,651
mesic
re_ndre_median,>,0.310796,0
tpi2_max,>,-7.937050,246
caar_median,>,306.236450,580
ndwi_median,<=,-0.248427,658
re_ndvi_re_median,<=,0.295250,659
tri5_min,<=,0.141350,660
tpi5_sum,<=,3.203700,661
ndvi_max,<=,0.520714,662
wet
re_ndre_median,>,0.310796,0
tpi2_max,>,-7.937050,246
caar_median,>,306.236450,580
ndwi_median,<=,-0.248427,658
re_ndvi_re_median,<=,0.295250,659
tri5_min,<=,0.141350,660
tpi5_sum,<=,3.203700,661
ndvi_max,>,0.520714,662
diah_std,<=,0.002648,664
wet
re_ndre_median,>,0.310796,0
tpi2_max,>,-7.937050,246
caar_median,>,306.236450,580
ndwi_median,<=,-0.248427,658
re_ndvi_re_median,<=,0.295250,659
tri5_min,<=,0.141350,660
tpi5_sum,<=,3.203700,661
ndvi_max,>,0.520714,662
diah_std,>,0.002648,664
wet
re_ndre_median,>,0.310796,0
tpi2_max,>,-7.937050,246
caar_median,>,306.236450,580
ndwi_median,<=,-0.248427,658
re_ndvi_re_median,<=,0.295250,659
tri5_min,<=,0.141350,660
tpi5_sum,>,3.203700,661
mesic
re_ndre_median,>,0.310796,0
tpi2_max,>,-7.937050,246
caar_median,>,306.236450,580
ndwi_median,<=,-0.248427,658
re_ndvi_re_median,<=,0.295250,659
tri5_min,>,0.141350,660
difi_median,<=,192.144012,668
pan4_glcm_con_0,<=,1611.248535,669
mpi_median,<=,0.142100,670
mesic
re_ndre_median,>,0.310796,0
tpi2_max,>,-7.937050,246
caar_median,>,306.236450,580
ndwi_median,<=,-0.248427,658
re_ndvi_re_median,<=,0.295250,659
tri5_min,>,0.141350,660
difi_median,<=,192.144012,668
pan4_glcm_con_0,<=,1611.248535,669
mpi_median,>,0.142100,670
pan4_glcm_ent_90,<=,0.029972,672
re_ndvi_max,<=,0.620635,673
re_ndvi_std,<=,0.021189,674
wief_min,<=,0.960350,675
nir_min,<=,169.500000,676
wet
re_ndre_median,>,0.310796,0
tpi2_max,>,-7.937050,246
caar_median,>,306.236450,580
ndwi_median,<=,-0.248427,658
re_ndvi_re_median,<=,0.295250,659
tri5_min,>,0.141350,660
difi_median,<=,192.144012,668
pan4_glcm_con_0,<=,1611.248535,669
mpi_median,>,0.142100,670
pan4_glcm_ent_90,<=,0.029972,672
re_ndvi_max,<=,0.620635,673
re_ndvi_std,<=,0.021189,674
wief_min,<=,0.960350,675
nir_min,>,169.500000,676
mesic
re_ndre_median,>,0.310796,0
tpi2_max,>,-7.937050,246
caar_median,>,306.236450,580
ndwi_median,<=,-0.248427,658
re_ndvi_re_median,<=,0.295250,659
tri5_min,>,0.141350,660
difi_median,<=,192.144012,668
pan4_glcm_con_0,<=,1611.248535,669
mpi_median,>,0.142100,670
pan4_glcm_ent_90,<=,0.029972,672
re_ndvi_max,<=,0.620635,673
re_ndvi_std,<=,0.021189,674
wief_min,>,0.960350,675
mesic
re_ndre_median,>,0.310796,0
tpi2_max,>,-7.937050,246
caar_median,>,306.236450,580
ndwi_median,<=,-0.248427,658
re_ndvi_re_median,<=,0.295250,659
tri5_min,>,0.141350,660
difi_median,<=,192.144012,668
pan4_glcm_con_0,<=,1611.248535,669
mpi_median,>,0.142100,670
pan4_glcm_ent_90,<=,0.029972,672
re_ndvi_max,<=,0.620635,673
re_ndvi_std,>,0.021189,674
mesic
re_ndre_median,>,0.310796,0
tpi2_max,>,-7.937050,246
caar_median,>,306.236450,580
ndwi_median,<=,-0.248427,658
re_ndvi_re_median,<=,0.295250,659
tri5_min,>,0.141350,660
difi_median,<=,192.144012,668
pan4_glcm_con_0,<=,1611.248535,669
mpi_median,>,0.142100,670
pan4_glcm_ent_90,<=,0.029972,672
re_ndvi_max,>,0.620635,673
mesic
re_ndre_median,>,0.310796,0
tpi2_max,>,-7.937050,246
caar_median,>,306.236450,580
ndwi_median,<=,-0.248427,658
re_ndvi_re_median,<=,0.295250,659
tri5_min,>,0.141350,660
difi_median,<=,192.144012,668
pan4_glcm_con_0,<=,1611.248535,669
mpi_median,>,0.142100,670
pan4_glcm_ent_90,>,0.029972,672
toin_std,<=,15.761663,682
mesic
re_ndre_median,>,0.310796,0
tpi2_max,>,-7.937050,246
caar_median,>,306.236450,580
ndwi_median,<=,-0.248427,658
re_ndvi_re_median,<=,0.295250,659
tri5_min,>,0.141350,660
difi_median,<=,192.144012,668
pan4_glcm_con_0,<=,1611.248535,669
mpi_median,>,0.142100,670
pan4_glcm_ent_90,>,0.029972,672
toin_std,>,15.761663,682
pan4_glcm_var_45,<=,1058.957886,684
mesic
re_ndre_median,>,0.310796,0
tpi2_max,>,-7.937050,246
caar_median,>,306.236450,580
ndwi_median,<=,-0.248427,658
re_ndvi_re_median,<=,0.295250,659
tri5_min,>,0.141350,660
difi_median,<=,192.144012,668
pan4_glcm_con_0,<=,1611.248535,669
mpi_median,>,0.142100,670
pan4_glcm_ent_90,>,0.029972,672
toin_std,>,15.761663,682
pan4_glcm_var_45,>,1058.957886,684
wet
re_ndre_median,>,0.310796,0
tpi2_max,>,-7.937050,246
caar_median,>,306.236450,580
ndwi_median,<=,-0.248427,658
re_ndvi_re_median,<=,0.295250,659
tri5_min,>,0.141350,660
difi_median,<=,192.144012,668
pan4_glcm_con_0,>,1611.248535,669
mesic
re_ndre_median,>,0.310796,0
tpi2_max,>,-7.937050,246
caar_median,>,306.236450,580
ndwi_median,<=,-0.248427,658
re_ndvi_re_median,<=,0.295250,659
tri5_min,>,0.141350,660
difi_median,>,192.144012,668
wet
re_ndre_median,>,0.310796,0
tpi2_max,>,-7.937050,246
caar_median,>,306.236450,580
ndwi_median,<=,-0.248427,658
re_ndvi_re_median,>,0.295250,659
mesic
re_ndre_median,>,0.310796,0
tpi2_max,>,-7.937050,246
caar_median,>,306.236450,580
ndwi_median,>,-0.248427,658
pan4_mean,<=,34.227966,690
slop_mean,<=,6.908394,691
wet
re_ndre_median,>,0.310796,0
tpi2_max,>,-7.937050,246
caar_median,>,306.236450,580
ndwi_median,>,-0.248427,658
pan4_mean,<=,34.227966,690
slop_mean,>,6.908394,691
mesic
re_ndre_median,>,0.310796,0
tpi2_max,>,-7.937050,246
caar_median,>,306.236450,580
ndwi_median,>,-0.248427,658
pan4_mean,>,34.227966,690
flac_std,<=,69.478691,694
mesic
re_ndre_median,>,0.310796,0
tpi2_max,>,-7.937050,246
caar_median,>,306.236450,580
ndwi_median,>,-0.248427,658
pan4_mean,>,34.227966,690
flac_std,>,69.478691,694
re_re_max,<=,70.500000,696
diri_min,<=,1064.884277,697
flac_std,<=,86.609390,698
wet
re_ndre_median,>,0.310796,0
tpi2_max,>,-7.937050,246
caar_median,>,306.236450,580
ndwi_median,>,-0.248427,658
pan4_mean,>,34.227966,690
flac_std,>,69.478691,694
re_re_max,<=,70.500000,696
diri_min,<=,1064.884277,697
flac_std,>,86.609390,698
mesic
re_ndre_median,>,0.310796,0
tpi2_max,>,-7.937050,246
caar_median,>,306.236450,580
ndwi_median,>,-0.248427,658
pan4_mean,>,34.227966,690
flac_std,>,69.478691,694
re_re_max,<=,70.500000,696
diri_min,>,1064.884277,697
mesic
re_ndre_median,>,0.310796,0
tpi2_max,>,-7.937050,246
caar_median,>,306.236450,580
ndwi_median,>,-0.248427,658
pan4_mean,>,34.227966,690
flac_std,>,69.478691,694
re_re_max,>,70.500000,696
mesic
